artist,attack,cardClass,collectible,cost,dbfId,flavor,health,howToEarnGolden,id,mechanics,name,race,races,rarity,set,text,type,collectionText,referencedTags,spellSchool,elite,runeCost,targetingArrowText,armor,classes,heroPowerDbfId,hasDiamondSkin,durability,faction,spellDamage,overload,howToEarn,countAsCopyOfDbfId,techLevel,isMiniSet,hideStats,rarity_cn,total_stats,expected_stats,efficiency,class_cn
Sergey Tsvelykh,4.0,NEUTRAL,True,3,122500,巢母说紫色很有韵味。,3.0,可以在<i>大地的裂变</i>奖励路线中获得该奖励。,CATA_111,['BATTLECRY'],晦鳞巢母,DRAGON,['DRAGON'],RARE,CATACLYSM,<b>战吼：</b>如果你的手牌中有龙牌，复原两个法力水晶。,MINION,,,,,,,,,,,,,,,,,,,,稀有,7.0,6.177836264338427,1.1330827980028404,中立
Vika Yarova,1.0,DRUID,True,1,122966,计算费用的好习惯要从幼年期抓起。,1.0,,CATA_130,['TRIGGER_VISUAL'],炫晶小熊,BEAST,['BEAST'],COMMON,CATACLYSM,每当你消耗掉最后一个法力水晶，获得+1/+1。,MINION,,,,,,,,,,,,,,,,,,,,普通,2.0,3.1243967724653157,0.6401235648511739,德鲁伊
Stefan Bogdasarov,2.0,DRUID,True,2,122967,法力值这种东西，花掉就是赚到。,2.0,,CATA_131,,费伍德树人,,,RARE,CATACLYSM,<b>战吼：</b>获得一个临时的法力水晶。如果你在本牌在你手中时消耗过4点法力值，该法力水晶变为永久获得。<i>（还剩{0}点！）</i>@<b>战吼：</b>获得一个临时的法力水晶。如果你在本牌在你手中时消耗过4点法力值，该法力水晶变为永久获得。<i>（已经就绪！）</i>@<b>战吼：</b>获得一个临时的法力水晶。如果你在本牌在你手中时消耗过4点法力值，该法力水晶变为永久获得。,MINION,<b>战吼：</b>获得一个临时的法力水晶。如果你在本牌在你手中时消耗过4点法力值，该法力水晶变为永久获得。<i>（还剩{0}点！）</i>,['BATTLECRY'],,,,,,,,,,,,,,,,,,稀有,4.0,4.651116518401871,0.8600085558326122,德鲁伊
Jakub Kasper,4.0,DRUID,True,4,122968,护得越紧孵得越慢！,5.0,,CATA_132,,护巢龙,DRAGON,['DRAGON'],EPIC,CATACLYSM,<b>战吼：</b>获取两张3/3并具有<b>嘲讽</b>的雏龙。如果你在本牌在你手中时消耗过8点法力值，召唤这两条雏龙。<i>（还剩{0}点！）</i>@<b>战吼：</b>获取两张3/3并具有<b>嘲讽</b>的雏龙。如果你在本牌在你手中时消耗过8点法力值，召唤这两条雏龙。<i>（已经就绪！）</i>@<b>战吼：</b>获取两张3/3并具有<b>嘲讽</b>的雏龙。如果你在本牌在你手中时消耗过8点法力值，召唤这两条雏龙。,MINION,<b>战吼：</b>获取两张3/3并具有<b>嘲讽</b>的雏龙。如果你在本牌在你手中时消耗过8点法力值，召唤这两条雏龙。<i>（还剩{0}点！）</i>,"['BATTLECRY', 'TAUNT']",,,,,,,,,,,,,,,,,,史诗,9.0,7.704556010274983,1.1681399924924138,德鲁伊
Kati Sarin,4.0,DRUID,True,5,122970,跟~随~灵龙的踪迹！,5.0,,CATA_133,['TRIGGER_VISUAL'],彩翼灵龙,DRAGON,['DRAGON'],COMMON,CATACLYSM,<b>扰魔</b>。在你的回合结束时，使你的其他随从获得+1/+1。,MINION,,['ELUSIVE'],,,,,,,,,,,,,,,,,,普通,9.0,9.231275756211538,0.9749465011858283,德鲁伊
Todd Harris,0.0,DRUID,True,6,122976,危急时刻，梦境之龙麦琳瑟拉带领木喉熊怪举行了仪式，唤起了费伍德森林中最古老的树木。,5.0,,CATA_139,"['COLOSSAL', 'TRIGGER_VISUAL']",柳牙,,,LEGENDARY,CATACLYSM,"<b>巨型+4</b>
在柳牙的腿获得属性值后，本随从也会
获得。",MINION,,,,True,,,,,,,,,,,,,,,,传说,5.0,10.757995502148095,0.4647705977383639,德鲁伊
Vika Yarova,4.0,DRUID,True,8,122978,我在一回合中消耗的法力值超乎你的梦想！,12.0,,CATA_140,,梦境之龙麦琳瑟拉,DRAGON,['DRAGON'],LEGENDARY,CATACLYSM,<b>战吼：</b>用随机的龙牌填满你的手牌。如果你在本牌在你手中时消耗过25点法力值，这些龙牌的法力值消耗为（1）点。<i>（还剩{0}点！）</i>@<b>战吼：</b>用随机的龙牌填满你的手牌。如果你在本牌在你手中时消耗过25点法力值，这些龙牌的法力值消耗为（1）点。<i>（已经就绪！）</i>@<b>战吼：</b>用随机的龙牌填满你的手牌。如果你在本牌在你手中时消耗过25点法力值，这些龙牌的法力值消耗为（1）点。,MINION,<b>战吼：</b>用随机的龙牌填满你的手牌。如果你在本牌在你手中时消耗过25点法力值，这些龙牌的法力值消耗为（1）点。<i>（还剩{0}点！）</i>,['BATTLECRY'],,True,,,,,,,,,,,,,,,,传说,16.0,13.811434994021205,1.1584603632371435,德鲁伊
Alex Horley Orlandelli,8.0,WARRIOR,True,8,124110,炎魔之王和死亡之翼迅速打了个火热。能亲眼看见艾泽拉斯彻底烧毁，他早就等不及了。,8.0,,CATA_150,"['COLOSSAL', 'TRIGGER_VISUAL']",拉格纳罗斯，绝世烈火,ELEMENTAL,['ELEMENTAL'],LEGENDARY,CATACLYSM,"<b>巨型+2</b>
在你的回合结束时，触发你的随从的
<b>亡语</b>。",MINION,,['DEATHRATTLE'],,True,,,,,,,,,,,,,,,,传说,16.0,13.811434994021205,1.1584603632371435,战士
James Ryman,8.0,DEMONHUNTER,True,8,124116,艾萨拉一生从不愿自认下风——哪怕是面对死亡之翼。但她也从不拒绝与强者达成交易。,8.0,,CATA_151,"['AURA', 'COLOSSAL']",艾萨拉，海洋之主,NAGA,['NAGA'],LEGENDARY,CATACLYSM,"<b>巨型+2</b>
你的英雄拥有<b>风怒</b>。",MINION,,['WINDFURY'],,True,,,,,,,,,,,,,,,,传说,16.0,13.811434994021205,1.1584603632371435,恶魔猎手
Slawomir Maniak,2.0,SHAMAN,True,8,125442,死亡之翼向风领主许下了自由与力量。于是奥拉基尔在奥丹姆上空召来了巨大的风暴，亲率部队攻向了泰坦的要塞。,8.0,,CATA_153,"['COLOSSAL', 'RUSH', 'WINDFURY']",奥拉基尔，风暴之主,ELEMENTAL,['ELEMENTAL'],LEGENDARY,CATACLYSM,"<b>巨型+2
<b>突袭。</b>风怒。</b><b>战吼：</b>获取2张法力值消耗等同于本随从攻击力的随从牌，这两张牌的法力值消耗为（1）点。",MINION,,['BATTLECRY'],,True,,,,,,,,,,,,,,,,传说,10.0,13.811434994021205,0.7240377270232147,萨满
Alex Stone,5.0,ROGUE,True,6,125450,纵然希奈丝特拉已对旧日的爱侣再无感情，但她仍愿与他携手共事——只要她的暮光龙群能最终统治残存的艾泽拉斯。,5.0,,CATA_154,"['AURA', 'COLOSSAL']",希奈丝特拉,DRAGON,['DRAGON'],LEGENDARY,CATACLYSM,"<b>巨型+2</b>
你的其他职业的法术会施放两次。",MINION,,,,True,,,,,,,,,,,,,,,,传说,10.0,10.757995502148095,0.9295411954767278,潜行者
Kevin Sidharta,3.0,DEATHKNIGHT,True,9,124138,奥妮克希亚被她亲爱的哥哥从坟墓里拉了起来。你还指望她说谢谢吗？,6.0,,CATA_155,"['COLOSSAL', 'TRIGGER_VISUAL']",复活的奥妮克希亚,DRAGON,"['UNDEAD', 'DRAGON']",LEGENDARY,CATACLYSM,"<b>巨型+2</b>
当你的英雄在你的回合即将失去生命值时，改为获得等量的生命值上限。",MINION,,,,True,"{'blood': 2, 'frost': 0, 'unholy': 0}",,,,,,,,,,,,,,,传说,9.0,15.338154739957762,0.5867720174027129,
AJ Nazzaro,4.0,ROGUE,True,3,123549,就是紧贴在你后方2步还开着10000瓦大灯的那种人。,1.0,,CATA_158,"['DEATHRATTLE', 'STEALTH']",癫狂的追随者,,,EPIC,CATACLYSM,<b>潜行</b>。<b>亡语：</b><b>兆示</b>{0}。,MINION,,,,,,,,,,,,,,,,,,,,史诗,5.0,6.177836264338427,0.8093448557163146,潜行者
Zoltan Boros,4.0,WARRIOR,True,4,123552,如果是我站在岩浆里，我也灼急。,3.0,,CATA_160,['BATTLECRY'],灼烧掠夺者,DRAGON,['DRAGON'],RARE,CATACLYSM,<b>战吼：</b><b>兆示</b>{0}，并使该士兵获得<b>突袭</b>。,MINION,,['RUSH'],,,,,,,,,,,,,,,,,,稀有,7.0,7.704556010274983,0.9085533274940997,战士
Luca Zontini,3.0,DEATHKNIGHT,True,3,123547,它母亲超爱它这张脸。,3.0,,CATA_161,['BATTLECRY'],残恶梦魇,BEAST,['BEAST'],EPIC,CATACLYSM,<b>战吼：</b>使你手牌中或战场上的一个随从获得等同于本随从攻击力的攻击力。,MINION,,,,,,选择你手牌中或战场上的一个随从。,,,,,,,,,,,,,,史诗,6.0,6.177836264338427,0.9712138268595775,
Max Grecke,1.0,NEUTRAL,True,2,123675,我会夺取你的姆啦啦咯啦！！,1.0,,CATA_180,['BATTLECRY'],速逝鱼人,MURLOC,['MURLOC'],EPIC,CATACLYSM,<b>战吼：</b>你的下一张法力值消耗小于或等于（3）点的鱼人牌会消耗生命值，而非法力值。,MINION,,,,,,,,,,,,,,,,,,,,史诗,2.0,4.651116518401871,0.4300042779163061,中立
Zoltan Boros,3.0,NEUTRAL,True,3,123779,吾即是汝，汝即是吾……,3.0,,CATA_185,"['DEATHRATTLE', 'ELUSIVE']",无面复制者,,,EPIC,CATACLYSM,<b>扰魔。亡语：</b>将消灭本随从的随从变形成为无面复制者。,MINION,,,,,,变形一个敌方随从。,,,,,,,,,,,,,,史诗,6.0,6.177836264338427,0.9712138268595775,中立
Matt Dixon,4.0,NEUTRAL,True,4,123783,工作太过投入不是什么好事。,4.0,,CATA_186,['BATTLECRY'],黏弹爆破手,,,EPIC,CATACLYSM,<b>战吼：</b>使你的对手获得一张法力值消耗为（2）的黏弹。黏弹相邻的卡牌法力值消耗增加（1）点。,MINION,,,,,,,,,,,,,,,,,,,,史诗,8.0,7.704556010274983,1.0383466599932567,中立
Vlad Botos,2.0,ROGUE,True,1,123060,需要我帮你盯一眼吗？,1.0,,CATA_200,['BATTLECRY'],古神的眼线,DEMON,['DEMON'],COMMON,CATACLYSM,<b>战吼：</b>选择你手牌中的一张牌，将其变形成为幸运币。,MINION,,,,,,选择手牌中的一张牌。,,,,,,,,,,,,,,普通,3.0,3.1243967724653157,0.9601853472767609,潜行者
Guillaume Beauchêne,4.0,ROGUE,True,9,123072,我一直都是艾德温那一派。,12.0,,CATA_201,['BATTLECRY'],暮光主母,DRAGON,['DRAGON'],EPIC,CATACLYSM,"<b>战吼：</b>将所有敌方随从移回其拥有者的
手牌。",MINION,,,,,,,,,,,,,,,,,,,,史诗,16.0,15.338154739957762,1.0431502531603787,潜行者
Trent Kaniuga,6.0,NEUTRAL,True,5,123119,如果某一个头食物中毒，另一个头也会一起中招。,5.0,,CATA_206,"['ELUSIVE', 'TAUNT']",扭曲畸怪,BEAST,['BEAST'],RARE,CATACLYSM,"<b>{0}。{1}。</b>本牌在你的手牌中时，每回合随机具有两项<b>额外
效果</b>。",MINION,,,,,,,,,,,,,,,,,,,,稀有,11.0,9.231275756211538,1.1916012792271236,中立
Max Grecke,2.0,NEUTRAL,True,2,123122,“我就是你见过的最最谦逊的人。”,6.0,,CATA_208,['TAUNT'],无私的保卫者,,,RARE,CATACLYSM,<b>嘲讽</b>。受到的所有伤害提高一点。,MINION,,,,,,,,,,,,,,,,,,,,稀有,8.0,4.651116518401871,1.7200171116652243,中立
Matt Dixon,3.0,NEUTRAL,True,3,123124,尽情开火，然后静待毁灭变为现实。,4.0,可以在<i>大地的裂变</i>奖励路线中获得该奖励。,CATA_209,['BATTLECRY'],战场轰炸手,,,COMMON,CATACLYSM,<b>战吼：</b>选择你手牌中的一张法术牌，使其获得<b>法术伤害+1</b>。,MINION,,['SPELLPOWER'],,,,选择你手牌中的一张法术牌。,,,,,,,,,,,,,,普通,7.0,6.177836264338427,1.1330827980028404,中立
Felideus Bubastis,0.0,NEUTRAL,True,1,123126,出笼的会是多大的雏龙？,2.0,可以在<i>大地的裂变</i>奖励路线中获得该奖励。,CATA_210,"['DEATHRATTLE', 'TRIGGER_VISUAL']",暮光龙卵,,,COMMON,CATACLYSM,<b>亡语：</b>召唤一条2/2的雏龙。<i>（在你的回合开始时获得+1/+1！）</i>,MINION,,,,,,,,,,,,,,,,,,,,普通,2.0,3.1243967724653157,0.6401235648511739,中立
Kevin Sidharta,6.0,NEUTRAL,True,6,123151,“是什么导致了魔暴龙灭绝？是冰河期！”,6.0,,CATA_213,['BATTLECRY'],威拉诺兹,ELEMENTAL,['ELEMENTAL'],LEGENDARY,CATACLYSM,<b>战吼：</b>如果你的套牌中随从牌的法力值消耗之和为100，使你牌库中的随从获得总计100点的属性值。,MINION,,,,True,,,,,,True,,,,,,,,,,传说,12.0,10.757995502148095,1.1154494345720734,中立
Ursula Dorada,4.0,PRIEST,True,4,123426,对对对，“治疗”效果，太对了。,5.0,,CATA_216,['BATTLECRY'],净化祭司,DRAENEI,['DRAENEI'],EPIC,CATACLYSM,<b>战吼：</b>在本局对战中，你的治疗效果恢复的生命值增加2点。,MINION,,,,,,,,,,,,,,,,,,,,史诗,9.0,7.704556010274983,1.1681399924924138,牧师
Vladimir Kafanov,5.0,PRIEST,True,7,122755,希奈丝特拉满心恨意，智谋超群。她从地底深处召唤出了黑血，用来变异并强化她的部队。,9.0,,CATA_300,"['COLOSSAL', 'TRIGGER_VISUAL']",黑血,,,LEGENDARY,CATACLYSM,"<b>巨型+3</b>
在你为一个角色恢复生命值后，随机攻击一个敌方随从。",MINION,,,,True,,,,,,,,,,,,,,,,传说,14.0,12.284715248084652,1.1396275548334573,牧师
Brian Despain,3.0,PRIEST,True,3,122881,这就是快速自疗。,8.0,,CATA_304,"['BATTLECRY', 'LIFESTEAL']",受伤的侍者,UNDEAD,['UNDEAD'],RARE,CATACLYSM,<b><b>吸血。</b>战吼：</b>对本随从造成4点伤害。,MINION,,,,,,,,,,,,,,,,,,,,稀有,11.0,6.177836264338427,1.7805586825758921,牧师
Luke Mancini,3.0,PRIEST,True,4,122878,烧烤的香气！,3.0,,CATA_305,['TRIGGER_VISUAL'],盛怒主母,DRAGON,['DRAGON'],COMMON,CATACLYSM,"在你的回合结束时，如果本随从具有所有生命值，获得+3
生命值。",MINION,,,,,,,,,,,,,,,,,,,,普通,6.0,7.704556010274983,0.7787599949949425,牧师
Edgar Hidalgo,8.0,PRIEST,True,7,123146,“我赠予了这个世界生命，当然也能夺回！”,8.0,,CATA_307,['BATTLECRY'],阿莱克丝塔萨，生命守护者,DRAGON,['DRAGON'],LEGENDARY,CATACLYSM,<b>战吼：</b>将你的英雄剩余生命值变为15。当你恢复所有生命值时，对敌方英雄造成15点伤害。,MINION,,,,True,,,,,,True,,,,,,,,,,传说,16.0,12.284715248084652,1.3024314912382369,牧师
Timur Shevtsov,8.0,PALADIN,True,8,122401,在我们的时间线，奈法里奥斯从未实现缝合五种巨龙的狂想。不过，姆诺兹多找到了他成功的时间线。,8.0,,CATA_432,"['COLOSSAL', 'DIVINE_SHIELD', 'ELUSIVE', 'LIFESTEAL', 'TAUNT']",克洛玛图斯,DRAGON,['DRAGON'],LEGENDARY,CATACLYSM,"<b>巨型+4</b>
<b>嘲讽</b>。<b>吸血</b>。<b>扰魔</b>
<b>圣盾</b>",MINION,,,,True,,,,,,,,,,,,,,,,传说,16.0,13.811434994021205,1.1584603632371435,圣骑士
Sergey Tsvelykh,4.0,MAGE,True,4,122632,这张牌的设计原型出自卡雷的构思：卡雷构思。,4.0,,CATA_458,['BATTLECRY'],大法师卡雷,,,LEGENDARY,CATACLYSM,<b>战吼：</b>使你手牌和牌库中所有法术牌获得<b>法术伤害+1</b>。,MINION,,['SPELLPOWER'],,True,,,,,,True,,,,,,,,,,传说,8.0,7.704556010274983,1.0383466599932567,法师
Patrik Bjorkstrom,3.0,DEATHKNIGHT,True,2,122759,嘴巴凉凉哦！,1.0,,CATA_464,['DEATHRATTLE'],黑翼实验品,DRAGON,"['UNDEAD', 'DRAGON']",RARE,CATACLYSM,<b>亡语：</b>获取一张法力值消耗为（2）的法术，该法术可以造成等同于本随从攻击力的伤害。,MINION,,,,,"{'blood': 0, 'frost': 1, 'unholy': 0}",,,,,,,,,,,,,,,稀有,4.0,4.651116518401871,0.8600085558326122,
Alex Stone,2.0,DEATHKNIGHT,True,4,122771,全系抗性装备都穿上吧。,5.0,,CATA_469,"['RUSH', 'TRIGGER_VISUAL']",多彩龙巢母,DRAGON,"['UNDEAD', 'DRAGON']",EPIC,CATACLYSM,"<b>突袭</b>。每当本随从
攻击时，复原等同于本随从攻击力的法力水晶。",MINION,,,,,"{'blood': 0, 'frost': 1, 'unholy': 1}",,,,,,,,,,,,,,,史诗,7.0,7.704556010274983,0.9085533274940997,
Ramzy Kamen,4.0,DEATHKNIGHT,True,4,122778,呃，其实吧，那条亡灵巨龙是维克多·奈法里奥斯的怪物，维克多·奈法里奥斯才是疯狂的科学家。,4.0,,CATA_470,['BATTLECRY'],维克多·奈法里奥斯,UNDEAD,['UNDEAD'],LEGENDARY,CATACLYSM,<b>战吼：</b>制造一条自定义的亡灵龙。如果你的手牌中有龙牌，制造的这条龙的法力值消耗减少（3）点。,MINION,,,,True,"{'blood': 0, 'frost': 0, 'unholy': 1}",,,,,True,,,,,,,,,,传说,8.0,7.704556010274983,1.0383466599932567,
Zoltan Boros,4.0,PALADIN,True,5,123109,诺兹多姆，我是来谈条件的！,4.0,,CATA_473,['TRIGGER_VISUAL'],诺兹多姆，青铜守护巨龙,,,LEGENDARY,CATACLYSM,在你的回合结束时，使你的随从获得<b>圣盾</b>，已有圣盾的随从改为获得+3/+3。,MINION,,['DIVINE_SHIELD'],,True,,,,,,,,,,,,,,,,传说,8.0,9.231275756211538,0.8666191121651807,圣骑士
Jason Kang,3.0,PALADIN,True,4,123112,“没关系的，在我心里像根矛一样轻。”,4.0,,CATA_474,['TRIGGER_VISUAL'],矛心哨卫,DRAGON,['DRAGON'],RARE,CATACLYSM,在你的回合结束时，随机获取一张神圣法术牌，其法力值消耗减少（3）点。,MINION,,,,,,,,,,,,,,,,,,,,稀有,7.0,7.704556010274983,0.9085533274940997,圣骑士
Matt Dixon,3.0,PALADIN,True,6,123114,阿盾！守住大门！,6.0,,CATA_475,['TRIGGER_VISUAL'],破鳞盾卫,,,COMMON,CATACLYSM,"在你的回合结束时，对所有敌人造成
2点伤害。",MINION,,,,,,,,,,,,HORDE,,,,,,,,普通,9.0,10.757995502148095,0.836587075929055,圣骑士
Sergey Tsvelykh,3.0,NEUTRAL,True,8,123115,我是青铜护卫者，守护青铜一族的巨龙。诺兹多姆也在他面前瑟瑟发抖！,7.0,,CATA_476,['TRIGGER_VISUAL'],青铜护卫者,DRAGON,['DRAGON'],COMMON,CATACLYSM,在你的回合结束时，召唤一条6/6并具有<b>圣盾</b>的元素巨龙。,MINION,,['DIVINE_SHIELD'],,,,,,,,,,,,,,,,,,普通,10.0,13.811434994021205,0.7240377270232147,中立
James Ryman,3.0,PALADIN,True,5,123123,高贵的圣骑士只会选用最高级的青铜。,3.0,,CATA_478,['TRIGGER_VISUAL'],青铜救赎者,,,EPIC,CATACLYSM,在你的回合结束时，召唤一条属性值等同于本随从的龙。,MINION,,,,,,,,,,,,,,,,,,,,史诗,6.0,9.231275756211538,0.6499643341238855,圣骑士
Alex Horley Orlandelli,5.0,ROGUE,True,5,123332,“你还吃不吃了？”,3.0,,CATA_481,"['BATTLECRY', 'DEATHRATTLE']",厄索拉斯,,,LEGENDARY,CATACLYSM,<b>战吼：</b>随机吞食对手的两张手牌，然后<b>休眠</b>2回合。<b>亡语：</b>吐回吞食的牌。,MINION,,,,True,,,,,,,,,,,,,,,,传说,8.0,9.231275756211538,0.8666191121651807,潜行者
Mauricio Herrera,2.0,MAGE,True,4,123351,1，2，3，4，法术决斗！,5.0,,CATA_483,"['BATTLECRY', 'SPELLPOWER']",不稳定的施法者,ELEMENTAL,['ELEMENTAL'],EPIC,CATACLYSM,<b>法术伤害+1</b>。<b>战吼：</b>如果你在本回合中用法术造成过伤害，召唤一个本随从的复制。,MINION,,,,,,,,,,,,,1.0,,,,,,,史诗,7.0,7.704556010274983,0.9085533274940997,法师
Matt Dixon,1.0,MAGE,True,1,123398,学习展翅飞翔的时候，参考其他职业的经验很重要！,2.0,,CATA_484,"['BATTLECRY', 'DISCOVER']",冬泉雏龙,DRAGON,['DRAGON'],COMMON,CATACLYSM,<b>战吼：</b><b>发现</b>一张任意职业的法力值消耗为（1）的法术牌。,MINION,,,,,,,,,,,,,,,,,,,,普通,3.0,3.1243967724653157,0.9601853472767609,法师
Tanamaes Leejierasaes,1.0,MAGE,True,2,123419,请将甘霖赐予纳沙塔尔……,4.0,,CATA_487,['TRIGGER_VISUAL'],祈雨元素,ELEMENTAL,['ELEMENTAL'],RARE,CATACLYSM,每回合中，你第一次用法术造成伤害时，获得+2攻击力。,MINION,,,,,,,,,,,,,,,,,,,,稀有,5.0,4.651116518401871,1.0750106947907652,法师
Zoltan Boros,4.0,MAGE,True,7,123665,拉格纳罗斯誓要让艾泽拉斯化为火海。他唤醒了一座活火山，熔岩横流，漫过了贫瘠之地。,8.0,,CATA_488,"['COLOSSAL', 'TRIGGER_VISUAL']",沃坎诺斯,ELEMENTAL,['ELEMENTAL'],LEGENDARY,CATACLYSM,"<b>巨型+2</b>
在你的回合结束时，对所有其他随从造成2点伤害。",MINION,,,,True,,,,,,,,,,,,,,,,传说,12.0,12.284715248084652,0.9768236184286776,法师
James Ryman,3.0,WARLOCK,True,3,122710,弃掉哪一张：1号？还是2号？再看看，是1号？还是2号？,6.0,,CATA_490,"['BATTLECRY', 'TAUNT']",魔眼秘术师,DEMON,['DEMON'],COMMON,CATACLYSM,"<b>嘲讽</b>。<b>战吼：</b>选择你手牌中的一张牌
并弃掉。",MINION,,,,,,选择一张牌并弃掉。,,,,,,,,,,,,,,普通,9.0,6.177836264338427,1.4568207402893663,术士
Mike Sass,2.0,WARLOCK,True,4,122713,其实大家的爵位都是低于公爵。,2.0,,CATA_493,['RUSH'],地狱公爵,,,EPIC,CATACLYSM,<b>突袭</b>。在本局对战中，你每弃掉一张牌，便拥有+2/+2。,MINION,,,,,,,,,,,,,,,,,,,,史诗,4.0,7.704556010274983,0.5191733299966284,术士
Matt Dixon,7.0,WARLOCK,True,7,122714,两泵蓝树莓果泥，两泵樱桃果泥，再加两泵死灵软泥。,7.0,,CATA_494,['TRIGGER_VISUAL'],马洛拉克,DRAGON,['DRAGON'],LEGENDARY,CATACLYSM,在你弃掉一张随从牌后，召唤一个该随从的复制。,MINION,,,,True,,,,,,True,,,,,,,,,,传说,14.0,12.284715248084652,1.1396275548334573,术士
Mooncolony,6.0,,True,6,122832,再过几年，就会变成超巨奥卓克希昂。,7.0,,CATA_497,['BATTLECRY'],奥卓克希昂,DRAGON,['DRAGON'],LEGENDARY,CATACLYSM,<b>战吼：</b><b>兆示</b>{0}。使死亡之翼的法力值消耗减少（{1}）点。<i>（随<b>兆示</b>的次数提升！）</i>,MINION,,,,True,,,,"['DEATHKNIGHT', 'ROGUE', 'SHAMAN', 'WARLOCK', 'WARRIOR', 'DEMONHUNTER']",,True,,,,,,,,,,传说,13.0,10.757995502148095,1.208403554119746,
Ian Ameling,3.0,DEMONHUNTER,True,3,122765,"亲爱的卡基安，
大灾变一切顺利，像游泳一样顺滑！期待回去的那一天。我们放血后见！
爱你的维扎尔。",1.0,,CATA_525,"['BATTLECRY', 'RUSH']",装甲放血纳迦,NAGA,['NAGA'],COMMON,CATACLYSM,<b>突袭</b>。<b>战吼：</b><b>兆示</b>{0}。,MINION,,,,,,,,,,,,,,,,,,,,普通,4.0,6.177836264338427,0.6474758845730517,恶魔猎手
Stefan Bogdasarov,5.0,DEMONHUNTER,True,6,122775,你好，我是落难的辛艾萨利亲王，现在急需50000000金币用于周转，请尽量伸出援手，将资金转入千针石林的安全账户，将来必有厚报。,5.0,,CATA_529,,贪婪的邪能钓鱼者,NAGA,['NAGA'],RARE,CATACLYSM,在本局对战中，你每施放一个邪能法术，本牌的法力值消耗便减少（1）点。,MINION,,,,,,,,,,,,,,,,,,,,稀有,10.0,10.757995502148095,0.9295411954767278,恶魔猎手
Luca Zontini,2.0,HUNTER,True,7,122865,奈法里奥斯从未真正关心过他的玩物，他只是看到了改造的空间。,12.0,,CATA_550,"['COLOSSAL', 'TRIGGER_VISUAL']",熔喉,BEAST,"['MECHANICAL', 'BEAST']",LEGENDARY,CATACLYSM,"<b>巨型+99</b>
当场上有空位时，召唤剩余的肢节。99<b>巨型+99</b>
当场上有空位时，召唤剩余的肢节。<i>（还剩{0}个！）</i>",MINION,,,,True,,,,,,,,,,,,,,,,传说,14.0,12.284715248084652,1.1396275548334573,猎人
Eric Kenji,3.0,HUNTER,True,3,122867,到底还有多少角色的真实身份是龙？,3.0,,CATA_551,,石爪打击者,,,RARE,CATACLYSM,<b>嘲讽</b>。<i>（当本牌在你手中时，使用一张龙牌即可将本牌变为6/6的龙！）</i>,MINION,,['TAUNT'],,,,,,,,,,,,,,,,,,稀有,6.0,6.177836264338427,0.9712138268595775,猎人
Grafit,4.0,HUNTER,True,6,122869,巨龙的双眼能看到很多……食物。,4.0,,CATA_552,['BATTLECRY'],乌鳞斥候,,,EPIC,CATACLYSM,<b>战吼：</b>造成等同于本随从攻击力的伤害。<i>（当本牌在你手中时，使用一张龙牌即可将本牌变为8/8的龙！）</i>,MINION,,,,,,造成等同于本随从攻击力的伤害。,,,,,,,,,,,,,,史诗,8.0,10.757995502148095,0.7436329563813822,猎人
Timur Shevtsov,6.0,HUNTER,True,7,122871,我叫什么？我叫艾，呃，嘿嘿，叫……嘿叫！对，我叫黑角。,6.0,,CATA_553,['BATTLECRY'],艾比西安,,,LEGENDARY,CATACLYSM,<b>战吼：</b>在本局对战中，你的龙拥有<b>突袭</b>。<i>（当本牌在你手中时，使用一张龙牌即可将本牌变为12/12的龙！）</i>,MINION,,['RUSH'],,True,,,,,,,,,,,,,,,,传说,12.0,12.284715248084652,0.9768236184286776,猎人
Tanamaes Leejierasaes,1.0,NEUTRAL,True,1,122933,雏龙宝宝就是这么来的……,2.0,可以在<i>大地的裂变</i>奖励路线中获得该奖励。,CATA_556,['BATTLECRY'],载蛋雏龙,DRAGON,['DRAGON'],COMMON,CATACLYSM,<b>战吼：</b>随机获取一张法力值消耗小于或等于（3）点的龙牌。,MINION,,,,,,,,,,,,,,,,,,,,普通,3.0,3.1243967724653157,0.9601853472767609,中立
Stefan Bogdasarov,2.0,HUNTER,True,1,122937,不对，这不是战棋酒馆！,2.0,,CATA_558,,进击的募援官,,,COMMON,CATACLYSM,<b>扰魔</b>,MINION,,['ELUSIVE'],,,,,,,,,,,,,,,,,,普通,4.0,3.1243967724653157,1.2802471297023479,猎人
Daniil Kudriavtsev,4.0,SHAMAN,True,3,122950,于云深处听惊雷。,3.0,,CATA_563,"['BATTLECRY', 'DEATHRATTLE']",雷鸣流云,ELEMENTAL,['ELEMENTAL'],EPIC,CATACLYSM,<b>战吼：</b>选择并吸收你手牌中一张法力值消耗小于或等于（4）点的法术牌。<b>亡语：</b>施放该法术。,MINION,,,,,,选择手牌中的一张法术牌。,,,,,,,,,,,,,,史诗,7.0,6.177836264338427,1.1330827980028404,萨满
James Ryman,5.0,SHAMAN,True,5,122952,你召来了雷霆，那就承受<b>超级风怒</b>吧！,5.0,,CATA_564,['BATTLECRY'],飞行助翼,,,COMMON,CATACLYSM,<b>战吼：</b>使一个友方随从获得<b>超级风怒</b>，且该随从无法攻击英雄。,MINION,,,,,,选择一个友方随从。,,,,,,,,,,,,,,普通,10.0,9.231275756211538,1.0832738902064758,萨满
Stefano Spagnuolo,0.0,SHAMAN,True,2,122953,赵氏奥拉基尔……原来奥拉基尔姓赵呀。,2.0,,CATA_565,"['BATTLECRY', 'TAUNT']",天空之墙哨兵,ELEMENTAL,['ELEMENTAL'],RARE,CATACLYSM,<b>嘲讽</b>。<b>战吼：</b><b>兆示</b>{0}。,MINION,,,,,,,,,,,,,,,,,,,,稀有,2.0,4.651116518401871,0.4300042779163061,萨满
Zoltan Boros,3.0,HUNTER,True,3,122961,我们绝不会偷工减料！好吧……我们确实提供了更廉价的法术。,2.0,,CATA_566,['BATTLECRY'],托维尔雕琢师,,,RARE,CATACLYSM,<b>战吼：</b>选择你手牌中的一张牌，在你的回合开始时，其法力值消耗减少（1）点。,MINION,,,,,,选择手牌中的一张牌。,,,,,,,,,,,,,,稀有,5.0,6.177836264338427,0.8093448557163146,猎人
Mooncolony,10.0,SHAMAN,True,10,123006,少说话，多摸牌。,10.0,,CATA_570,['BATTLECRY'],莫卓克,ELEMENTAL,['ELEMENTAL'],LEGENDARY,CATACLYSM,<b>战吼：</b>抽一张牌，并使其法力值消耗减少（10）点。如果减少的溢出量还有剩余，重复此效果。,MINION,,,,True,,,,,,,,,,,,,,,,传说,20.0,16.86487448589432,1.1858967593697707,萨满
Bima Kusuma,3.0,WARRIOR,True,5,123166,斩却毁灭之焰，方能抵达末世。,3.0,,CATA_586,"['DEATHRATTLE', 'TRIGGER_VISUAL']",毁灭之焰,ELEMENTAL,['ELEMENTAL'],EPIC,CATACLYSM,在本随从受到伤害并存活下来后，召唤一个毁灭之焰。<b>亡语：</b>随机对一个敌人造成2点伤害。,MINION,,,,,,,,,,,,,,,,,,,,史诗,6.0,9.231275756211538,0.6499643341238855,战士
Ivan Fomin,7.0,WARRIOR,True,7,123321,烧尽一切（的三分之二）！,7.0,,CATA_591,['BATTLECRY'],指挥官迦顿,ELEMENTAL,['ELEMENTAL'],LEGENDARY,CATACLYSM,"<b>战吼：</b>你在每回合开始时的抽牌改为从你的牌库中<b>发现</b>一张牌，其法力值消耗减少（3）点，并摧毁未选
的牌。",MINION,,['DISCOVER'],,True,,,,,,,,,,,,,,,,传说,14.0,12.284715248084652,1.1396275548334573,战士
Matt Dixon,5.0,NEUTRAL,True,2,123383,“是……是是……是，我马上……照办！”,3.0,,CATA_612,['BATTLECRY'],霜冻小鬼,DEMON,['DEMON'],COMMON,CATACLYSM,<b>战吼：</b><b>冻结</b>本随从。,MINION,,['FREEZE'],,,,,,,,,,,,,,,,,,普通,8.0,4.651116518401871,1.7200171116652243,中立
Dmitry Bolotov,6.0,NEUTRAL,True,9,123384,“去吧，挽救你的性命，还有你的排名！”,6.0,,CATA_613,['AURA'],生存专家,,,EPIC,CATACLYSM,"如果你没有控制其他随从，则拥有
<b>免疫</b>。",MINION,,['IMMUNE'],,,,,,,,,,,,,,,,,,史诗,12.0,15.338154739957762,0.7823626898702839,中立
Gabor Szikszai,2.0,NEUTRAL,True,2,123385,“最新情报……对手的职业是法师！不对，是潜行者！不对，是牧师！”,2.0,,CATA_614,"['BATTLECRY', 'DISCOVER']",蔽影密探,DRAGON,['DRAGON'],RARE,CATACLYSM,<b>战吼：</b><b>发现</b>一张你的职业的法术牌。<i>（每回合切换职业！）</i>,MINION,<b>战吼：</b><b>发现</b>一张{0}的法术牌。<i>（每回合切换职业！）</i>,,,,,,,,,,,,,,,,,,,稀有,4.0,4.651116518401871,0.8600085558326122,中立
Leroy Steinmann,5.0,NEUTRAL,True,4,123396,“吉尔尼斯的王位虽然是终身的，但在位经历总是充满了变化。”,4.0,购买<i>大地的裂变</i>炉石通行证后开放解锁。,CATA_615,,吉恩，咒厄国王,,,LEGENDARY,CATACLYSM,当本牌在你手牌中时，如果你其他手牌的法力值消耗均为偶数或奇数，变形成为6/5的狼人国王。,MINION,,,,True,,,,,,,,,,,可以在<i>大地的裂变</i>奖励路线中获得该奖励。,,,,,传说,9.0,7.704556010274983,1.1681399924924138,中立
James Ryman,8.0,NEUTRAL,True,9,123440,我和这张牌越发不可分戈。,8.0,,CATA_616,,戈隆巨人,,,EPIC,CATACLYSM,"本随从的法力值消耗会随你使用的上一张牌的法力值消耗而
降低。",MINION,,,,,,,,,,,,,,,,,,,,史诗,16.0,15.338154739957762,1.0431502531603787,中立
Konstantin Turovec,3.0,DEMONHUNTER,True,3,123604,再也没有什么变异体好好先生了。,4.0,,CATA_697,['BATTLECRY'],恶念变异体,NAGA,['NAGA'],EPIC,CATACLYSM,<b>战吼：</b>选择你手牌中的一张邪能法术牌，获取一张它的复制。,MINION,,,,,,选择手牌中的一张邪能法术牌。,,,,,,,,,,,,,,史诗,7.0,6.177836264338427,1.1330827980028404,恶魔猎手
Mike Sass,9.0,DEMONHUNTER,True,9,123539,可是一般来说海兽并不可怕呀！,6.0,,CATA_699,"['BATTLECRY', 'TAUNT']",恐怖海兽,BEAST,['BEAST'],COMMON,CATACLYSM,<b>嘲讽</b>。<b>战吼：</b>选择一个敌方随从，偷取其3点生命值，触发三次。,MINION,,,,,,从一个敌方随从处偷取生命值。,,,,,,,,,,,,,,普通,15.0,15.338154739957762,0.9779533623378549,恶魔猎手
Kevin Sidharta,6.0,NEUTRAL,True,7,122635,能够彻底击败战争大师黑角的勇士会被授予这片土地上的最高评价：牛翻了。,6.0,购买<i>大地的裂变</i>炉石通行证后开放解锁。,CATA_720,['BATTLECRY'],战争大师黑角,,,LEGENDARY,CATACLYSM,<b>战吼：</b>摧毁双方玩家牌库中所有法力值消耗小于或等于（2）点的牌。,MINION,,,,True,,,,,,,,,,,完成起始任务后解锁。,,,,,传说,12.0,12.284715248084652,0.9768236184286776,中立
Matt Dixon,2.0,NEUTRAL,True,2,122637,“去吧，牌库里很安全的！”“奖券都发完了！”,3.0,,CATA_721,['BATTLECRY'],避难的幸存者,,,COMMON,CATACLYSM,<b>战吼：</b>选择一张你的手牌洗入你的牌库。抽一张牌。,MINION,,,,,,选择手牌中的一张牌。,,,,,,,,,,,,,,普通,5.0,4.651116518401871,1.0750106947907652,中立
Jason Kang,5.0,,True,5,122639,守护巨龙尽力拼搏至此，然而到了时间的终点，这一切都无济于事。,4.0,,CATA_722,"['BATTLECRY', 'TAUNT']",末世特使,,,COMMON,CATACLYSM,<b>嘲讽</b>。<b>战吼：</b><b>兆示</b>{0}。,MINION,,,,,,,,"['DEATHKNIGHT', 'ROGUE', 'SHAMAN', 'WARLOCK', 'WARRIOR', 'DEMONHUNTER']",,,,,,,,,,,,普通,9.0,9.231275756211538,0.9749465011858283,
Trent Kaniuga,8.0,NEUTRAL,True,7,122641,一个头总是说真话，另一个头总是说假话。,6.0,,CATA_723,['DEATHRATTLE'],龙脉混血兽,DRAGON,['DRAGON'],COMMON,CATACLYSM,<b>亡语：</b>随机召唤两个法力值消耗为（4）的随从。,MINION,,,,,,,,,,,,,,,,,,,,普通,14.0,12.284715248084652,1.1396275548334573,中立
Zoltan Boros,7.0,SHAMAN,True,4,122642,某个兽人看向窗外的雨说道：“天有不测风云，谁也改变不了。”缚风者：“拿我的图腾来。”,7.0,,CATA_724,"['DEATHRATTLE', 'OVERLOAD']",缚风者,,,COMMON,CATACLYSM,"<b>亡语：</b>解锁你<b>过载</b>的法力水晶。
<b>过载：</b>（3）",MINION,,,,,,,,,,,,,,3.0,,,,,,普通,14.0,7.704556010274983,1.8171066549881993,萨满
Ian Ameling,2.0,WARLOCK,True,2,122643,虚空啊！你又暗暗起誓了，罚币一枚。,1.0,,CATA_725,"['BATTLECRY', 'DEATHRATTLE']",暗誓信徒,,,COMMON,CATACLYSM,<b><b>战吼：</b>兆示</b>{0}。<b>亡语：</b>为你的英雄恢复#3点生命值。,MINION,,,,,,,,,,,,,,,,,,,,普通,3.0,4.651116518401871,0.6450064168744591,术士
Leroy Steinmann,6.0,WARLOCK,True,9,125432,古加尔曾是上古之神的忠仆，但现在他相信自己也成了神，足以与古神并立。,6.0,,CATA_726,"['AURA', 'COLOSSAL']",古加尔，暮光主谋,,,LEGENDARY,CATACLYSM,"<b>巨型+2</b>
你的手臂和士兵改为消灭敌方牌库中的
随从。",MINION,,,,True,,,,,,,,,,,,,,,,传说,12.0,15.338154739957762,0.7823626898702839,术士
Matt Dixon,3.0,DEATHKNIGHT,True,4,123600,针对牌满编了。如此高端的组牌技术，我不知道怎么输！,5.0,,CATA_780,"['BATTLECRY', 'LIFESTEAL']",着魔的技师,,,COMMON,CATACLYSM,<b>吸血</b>。<b>战吼：</b><b>兆示</b>{0}。,MINION,,,,,"{'blood': 2, 'frost': 0, 'unholy': 0}",,,,,,,,,,,,,,,普通,8.0,7.704556010274983,1.0383466599932567,
Ramzy Kamen,3.0,ROGUE,True,4,123606,看吧，他马上就要单膝跪地，祈求随机程序给他一个好结果了。,5.0,,CATA_786,['TRIGGER_VISUAL'],混沌祈求者,,,RARE,CATACLYSM,在你施放一个法术后，随机施放一个法力值消耗相同的另一职业的法术。,MINION,,,,,,,,,,,,,,,,,,,,稀有,8.0,7.704556010274983,1.0383466599932567,潜行者
Mauricio Herrera,3.0,NEUTRAL,True,3,123660,每天只有两颗，运动量远远不够。,4.0,,CATA_897,"['BATTLECRY', 'DEATHRATTLE']",宝石囤积者,,,COMMON,CATACLYSM,<b>战吼：</b>选择你手牌中的一张牌并弃掉。<b>亡语：</b>重新获取弃掉的牌，其法力值消耗减少（1）点。,MINION,,,,,,选择手牌中的一张牌。,,,,,,,,,,,,,,普通,7.0,6.177836264338427,1.1330827980028404,中立
Mike Sass,6.0,NEUTRAL,True,4,123655,人人都有<b>嘲讽</b>……等于没人嘲讽。,6.0,,CATA_898,['AURA'],鳞甲长矛手,DRAGON,['DRAGON'],COMMON,CATACLYSM,"所有敌方随从拥有
<b>嘲讽</b>。",MINION,,['TAUNT'],,,,,,,,,,,,,,,,,,普通,12.0,7.704556010274983,1.557519989989885,中立
Gabor Szikszai,3.0,MAGE,True,3,123848,所谓“专家”不过是“只懂一个法术”的高情商说法。,4.0,,CATA_979,['BATTLECRY'],咒术专家,,,EPIC,CATACLYSM,<b>战吼：</b>选择你手牌中的一张法术牌，将其拆分为两张法力值消耗与其相同的随机法术牌。,MINION,,,,,,选择手牌中的一张法术牌。,,,,,,,,,,,,,,史诗,7.0,6.177836264338427,1.1330827980028404,法师
Alex Stone,4.0,NEUTRAL,True,5,128058,根据现有的飞行动力学法则，石头是飞不起来的。,4.0,,CATA_999,['TRIGGER_VISUAL'],土石幼龙,DRAGON,"['ELEMENTAL', 'DRAGON']",RARE,CATACLYSM,"在你的回合结束时，对敌方英雄造成4点
伤害。",MINION,,,,,,,,,,,,,,,,,,,,稀有,8.0,9.231275756211538,0.8666191121651807,中立
Konstantin Turovec,7.0,NEUTRAL,True,6,126698,在那冰冷的黑曜石铠甲之下，他的心……如熔岩一般炽烈。,6.0,可以通过参与特殊活动获得。,CATA_EVENT_000,,始源领主,ELEMENTAL,['ELEMENTAL'],EPIC,EVENT,"<b>战吼：</b>随机获取一张来自过去的<b>巨型</b>
随从牌。",MINION,,"['BATTLECRY', 'COLOSSAL']",,,,,,,,,,,,,可以通过参与特殊活动获得。,,,,,史诗,13.0,10.757995502148095,1.208403554119746,中立
Daniil Kudriavtsev,5.0,WARLOCK,True,4,126700,浴火重生了足足9000次。毁灭吧。,5.0,可以通过参与特殊活动获得。,CATA_EVENT_001,['BATTLECRY'],毁焚火凤,ELEMENTAL,"['ELEMENTAL', 'BEAST']",EPIC,EVENT,<b>战吼：</b>选择你手牌中的一张牌并点燃。在3回合后，弃掉选中的牌并召唤一个本随从的复制。,MINION,,,,,,,,,,,,,,,可以通过参与特殊活动获得。,,,,,史诗,10.0,7.704556010274983,1.297933324991571,术士
Vladimir Kafanov,4.0,WARRIOR,True,3,126847,我偏要过去！,3.0,可以通过参与特殊活动获得。,CATA_EVENT_002,['BATTLECRY'],怨毒焰魔,ELEMENTAL,['ELEMENTAL'],EPIC,EVENT,<b>战吼：</b>如果你在本回合中施放过火焰法术，消灭一个随从。,MINION,,,,,,,,,,,,,,,可以通过参与特殊活动获得。,,,,,史诗,7.0,6.177836264338427,1.1330827980028404,战士
Steve Prescott,3.0,SHAMAN,True,2,129849,当你把一堆图腾绑在一起时，图腾魔像就诞生了。,4.0,使用萨满祭司赢得50场对战后解锁。,CORE_AT_052,['OVERLOAD'],图腾魔像,TOTEM,['TOTEM'],COMMON,CORE,<b>过载：</b>（1）,MINION,,,,,,,,,,,,,,1.0,与萨满祭司职业一同解锁。,2610.0,,,,普通,7.0,4.651116518401871,1.5050149727070712,萨满
Raymond Swanland,6.0,NEUTRAL,True,7,120524,冰喉一心想要毁掉锦标赛。至于原因，都是因为那些吵闹个不停的熊孩子们！,6.0,总计赢得5000场对战后解锁。,CORE_AT_123,"['DEATHRATTLE', 'TAUNT']",冰喉,DRAGON,"['UNDEAD', 'DRAGON']",LEGENDARY,CORE,"<b>嘲讽，亡语：</b>
如果你的手牌中有龙牌，则对所有随从造成3点伤害。",MINION,,,,True,,,,,,,,,,,完成教学后解锁。,2682.0,,,,传说,12.0,12.284715248084652,0.9768236184286776,中立
Todd Harris,5.0,HUNTER,True,7,117038,如果它们想要你的野餐篮，我建议你乖乖地交出去。,6.0,使用猎人赢得50场对战后解锁。,CORE_AV_337,"['DEATHRATTLE', 'TAUNT']",山岭野熊,BEAST,['BEAST'],COMMON,CORE,<b>嘲讽</b>，<b>亡语：</b>召唤两只2/4并具有<b>嘲讽</b>的山熊宝宝。,MINION,,,,,,,,,,,,,,,与猎人职业一同解锁。,70245.0,,,,普通,11.0,12.284715248084652,0.8954216502262878,猎人
James Ryman,6.0,PRIEST,True,6,120787,气象节目说，外面的天气可以洗澡了。你带好了伞，发现是日光浴。,6.0,使用牧师赢得100场对战后解锁。,CORE_BAR_310,"['DEATHRATTLE', 'TAUNT']",光沐元素,ELEMENTAL,['ELEMENTAL'],RARE,CORE,<b>嘲讽</b>，<b>亡语：</b>为所有友方角色恢复#8点生命值。,MINION,,,,,,,,,,,,,,,与牧师职业一同解锁。,62874.0,,,,稀有,12.0,10.757995502148095,1.1154494345720734,牧师
Paul Mafayon,5.0,PRIEST,True,5,129172,太阳神的名字为什么要叫“暗色”呢？,5.0,使用牧师赢得250场对战后解锁。,CORE_BAR_313,"['BATTLECRY', 'TAUNT']",安瑟祭司,,,EPIC,CORE,<b>嘲讽</b>，<b>战吼：</b>如果你在本回合中恢复过生命值，便获得+3/+3。,MINION,,,,,,,,,,,,,,,与牧师职业一同解锁。,62877.0,,,,史诗,10.0,9.231275756211538,1.0832738902064758,牧师
Wayne Wu,3.0,PALADIN,True,4,130580,战争时期，军医也会带上自己的专属军医。,5.0,使用圣骑士赢得250场对战后解锁。,CORE_BAR_878,['TRIGGER_VISUAL'],战地医师老兵,,,EPIC,CORE,在你施放一个神圣法术后，召唤一个2/2并具有<b>吸血</b>的医师。,MINION,,['LIFESTEAL'],,,,,,,,,,,,,与圣骑士职业一同解锁。,62933.0,,,,史诗,8.0,7.704556010274983,1.0383466599932567,圣骑士
Gonzalo Ordonez,5.0,MAGE,True,7,129846,所有的迹象都指向了安东尼达斯。,5.0,使用法师赢得250场对战后解锁。,CORE_BOT_256,['BATTLECRY'],星术师,,,EPIC,CORE,<b>战吼：</b>随机召唤一个法力值消耗等同于你手牌数量的随从。,MINION,,,,,,,,,,,,,,,与法师职业一同解锁。,48195.0,,,,史诗,10.0,12.284715248084652,0.8140196820238981,法师
Max Grecke,4.0,ROGUE,True,5,130525,不疯魔，不成活。,4.0,使用潜行者赢得50场对战后解锁。,CORE_BOT_576,['COMBO'],疯狂的药剂师,,,COMMON,CORE,<b>连击：</b>使一个友方随从获得+4攻击力。,MINION,,,,,,获得+4攻击力。,,,,,,,,,与潜行者职业一同解锁。,49494.0,,,,普通,8.0,9.231275756211538,0.8666191121651807,潜行者
Ursula Dorada,1.0,WARRIOR,True,3,127474,角斗老规矩：谁先死谁输。,10.0,使用战士赢得250场对战后解锁。,CORE_BT_120,['BATTLECRY'],战槌挑战者,,,EPIC,CORE,"<b>战吼：</b>
选择一个敌方随从。与其战斗至死！",MINION,,,,,,选择一个随从作为对手。,,,,,,,,,与战士职业一同解锁。,56507.0,,,,史诗,11.0,6.177836264338427,1.7805586825758921,战士
Andrew Hou,3.0,NEUTRAL,True,2,127593,贪睡一时爽，突袭跑断肠。,5.0,总计赢得500场对战后解锁。,CORE_BT_156,['RUSH'],被禁锢的邪犬,DEMON,['DEMON'],COMMON,CORE,"<b>休眠</b>2回合。
<b>突袭</b>",MINION,,,,,,,,,,,,,,,完成教学后解锁。,56820.0,,,,普通,8.0,4.651116518401871,1.7200171116652243,中立
Wayne Reynolds,3.0,DEMONHUNTER,True,4,102184,“护甲与治疗或许能暂缓我的狂热，但邪能和战刃总能鞭策着我！”,5.0,使用恶魔猎手赢得500场对战后解锁。,CORE_BT_187,"['AURA', 'CHARGE']",凯恩·日怒,,,LEGENDARY,CORE,"<b>冲锋</b>
所有友方攻击无视
<b>嘲讽</b>。",MINION,,['TAUNT'],,True,,,,,,,,,,,与恶魔猎手职业一同解锁。,,,,,传说,8.0,7.704556010274983,1.0383466599932567,恶魔猎手
Charlene Le Scanff,2.0,HUNTER,True,3,130286,上吧，爆壳猛猪，扎透他们！,4.0,使用猎人赢得250场对战后解锁。,CORE_BT_201,['DEATHRATTLE'],强能箭猪,BEAST,"['MECHANICAL', 'BEAST']",EPIC,CORE,"<b>亡语：</b>
造成等同于本随从攻击力的伤害，随机分配到所有敌人身上。",MINION,,,,,,,,,,,,,,,与猎人职业一同解锁。,56398.0,,,,史诗,6.0,6.177836264338427,0.9712138268595775,猎人
Arthur Bozonnet,2.0,DEMONHUNTER,True,2,129167,在学会虚空行走之前，先给我爬。,2.0,使用恶魔猎手赢得50场对战后解锁。,CORE_BT_321,"['BATTLECRY', 'DISCOVER']",虚无行者,,,COMMON,CORE,"<b>战吼：</b>
<b>发现</b>一张恶魔牌。",MINION,,,,,,,,,,,,,,,与恶魔猎手职业一同解锁。,56985.0,,,,普通,4.0,4.651116518401871,0.8600085558326122,恶魔猎手
Andrew Hou,1.0,DEMONHUNTER,True,1,69586,看到这个斧头斧脑的家伙没，这是我的战友。,2.0,使用恶魔猎手赢得50场对战后解锁。,CORE_BT_351,['TRIGGER_VISUAL'],战斗邪犬,DEMON,['DEMON'],COMMON,CORE,在你的英雄攻击后，获得+1攻击力。,MINION,,,,,,,,,,,,,,,与恶魔猎手职业一同解锁。,,,,,普通,3.0,3.1243967724653157,0.9601853472767609,恶魔猎手
Slawomir Maniak,4.0,DEMONHUNTER,True,4,69588,吼得再响也减不了非恶魔牌的消耗。,4.0,使用恶魔猎手赢得100场对战后解锁。,CORE_BT_416,['BATTLECRY'],暴怒邪吼者,,,RARE,CORE,<b>战吼：</b>你的下一张恶魔牌的法力值消耗减少（2）点。,MINION,,,,,,,,,,,,,,,与恶魔猎手职业一同解锁。,,,,,稀有,8.0,7.704556010274983,1.0383466599932567,恶魔猎手
Arthur Bozonnet,1.0,DEMONHUNTER,True,1,69683,在某些网站上只能显示为“火**印奔行者”。,1.0,使用恶魔猎手赢得50场对战后解锁。,CORE_BT_480,['OUTCAST'],火色魔印奔行者,,,COMMON,CORE,<b>流放：</b>抽一张牌。,MINION,,,,,,,,,,,,,,,与恶魔猎手职业一同解锁。,,,,,普通,2.0,3.1243967724653157,0.6401235648511739,恶魔猎手
Bayard Wu,6.0,DEMONHUNTER,True,7,120878,怒了！她只有六把战刃，盲眼监视者有八把！人家的邪能都比她的绿。,7.0,使用恶魔猎手赢得100场对战后解锁。,CORE_BT_493,['TRIGGER_VISUAL'],愤怒的女祭司,DEMON,['DEMON'],RARE,CORE,在你的回合结束时，造成6点伤害，随机分配到所有敌人身上。,MINION,,,,,,,,,,,,,,,与恶魔猎手职业一同解锁。,58455.0,,,,稀有,13.0,12.284715248084652,1.0582255866310675,恶魔猎手
Vladimir Kafanov,3.0,DEMONHUNTER,True,5,129168,帮她抓背时会被她的背抓。,6.0,使用恶魔猎手赢得250场对战后解锁。,CORE_BT_510,"['TAUNT', 'TRIGGER_VISUAL']",怒刺蛮兵,DEMON,['DEMON'],EPIC,CORE,"<b>嘲讽</b>
在本随从被攻击后，对所有敌人造成1点伤害。",MINION,,,,,,,,,,,,,,,与恶魔猎手职业一同解锁。,59865.0,,,,史诗,9.0,9.231275756211538,0.9749465011858283,恶魔猎手
Dave Allsop,3.0,ROGUE,True,1,129347,外域的间谍必须和环境融为一体。于是她们有了亮粉色的套装和翠绿翠绿的头发。多诡异的环境。,1.0,使用潜行者赢得50场对战后解锁。,CORE_BT_701,['STEALTH'],间谍女郎,,,COMMON,CORE,<b>潜行</b>,MINION,,,,,,,,,,,,,,,与潜行者职业一同解锁。,56377.0,,,,普通,4.0,3.1243967724653157,1.2802471297023479,潜行者
Alex Horley Orlandelli,9.0,DEMONHUNTER,True,9,126887,某个新生位面的主宰。,8.0,使用恶魔猎手赢得500场对战后解锁。,CORE_CATA_001,"['AURA', 'BATTLECRY']",提克迪奥斯,DEMON,['DEMON'],LEGENDARY,CORE,你的英雄<b>免疫</b>。<b>战吼：</b>在本回合中，你的下一张恶魔牌的法力值消耗为（0）。,MINION,,['IMMUNE'],,True,,,,,,,,,,,与恶魔猎手职业一同解锁。,,,,,传说,17.0,15.338154739957762,1.1083471439829022,恶魔猎手
Grafit,4.0,PRIEST,True,6,126888,佳莉娅·米奈希尔，米奈希尔王族最后的余脉。在人类与被遗忘者的聚会期间，她惨遭希尔瓦娜斯谋害。随后，阿隆索斯·法奥在安度因的协助下复活了佳莉娅，使其变成了兼具圣光的不死亡灵。现在的她就像是一道沟通的桥梁，连结着生者与被遗忘者。,5.0,使用牧师赢得500场对战后解锁。,CORE_CATA_002,['BATTLECRY'],佳莉娅·米奈希尔,UNDEAD,['UNDEAD'],LEGENDARY,CORE,<b>战吼：</b>复活你在本局对战中死亡的法力值消耗最高的随从。,MINION,,,,True,,,,,,,,,,,与牧师职业一同解锁。,,,,,传说,9.0,10.757995502148095,0.836587075929055,牧师
Eric Kenji,3.0,SHAMAN,True,5,127407,身边的随从快如闪电。,5.0,使用萨满祭司赢得500场对战后解锁。,CORE_CATA_004,['TRIGGER_VISUAL'],雷加尔·大地之怒,,,LEGENDARY,CORE,在本随从或相邻的随从攻击后，获取一张闪电箭。,MINION,,,,True,,,,,,,,,,,与萨满祭司职业一同解锁。,,,,,传说,8.0,9.231275756211538,0.8666191121651807,萨满
Kleston Marques,4.0,DRUID,True,6,127409,如果是棕熊，躺倒装死；如果是黑熊，立刻反击；如果是棵树熊，转身离开就可以了。,3.0,使用德鲁伊赢得500场对战后解锁。,CORE_CATA_006,['BATTLECRY'],奥尔法,BEAST,['BEAST'],LEGENDARY,CORE,<b>战吼：</b>使你的其他随从获得“<b>亡语：</b>召唤一个法力值消耗与本随从相同的随从”。,MINION,,['DEATHRATTLE'],,True,,,,,,,,,,,与德鲁伊职业一同解锁。,,,,,传说,7.0,10.757995502148095,0.6506788368337094,德鲁伊
Matt Dixon,3.0,NEUTRAL,True,5,120428,忍者大师，鱼人的传奇英雄。,5.0,总计赢得5000场对战后解锁。,CORE_CFM_344,"['STEALTH', 'TRIGGER_VISUAL']",飞火流星·芬杰,MURLOC,['MURLOC'],LEGENDARY,CORE,"<b>潜行</b>
每当本随从攻击并消灭一个随从，便从你的牌库中召唤两个鱼人。",MINION,,,,True,,,,,,,,,,,完成教学后解锁。,40803.0,,,,传说,8.0,9.231275756211538,0.8666191121651807,中立
Tooth,5.0,NEUTRAL,True,9,130320,能够游走于三大家族之间的人，想必也不是个普通角色。,4.0,总计赢得5000场对战后解锁。,CORE_CFM_670,['TRIGGER_VISUAL'],诺格弗格市长,,,LEGENDARY,CORE,所有角色都会随机选择目标。,MINION,,,,True,,,,,,,,,,,完成教学后解锁。,40955.0,,,,传说,9.0,15.338154739957762,0.5867720174027129,中立
Peter Stapleton,2.0,PALADIN,True,2,102196,如果你是杀价的高手，他还会把帽子也算进来送你。,2.0,使用圣骑士赢得50场对战后解锁。,CORE_CFM_753,['BATTLECRY'],污手街供货商,,,COMMON,CORE,<b>战吼：</b>使你手牌中的所有随从牌获得+1/+1。,MINION,,,,,,,,,,,,,,,与圣骑士职业一同解锁。,,,,,普通,4.0,4.651116518401871,0.8600085558326122,圣骑士
James Ryman,2.0,ROGUE,True,3,120463,艾雅曾调查过沙库尔，看看他有没有私藏什么好东西。,4.0,使用潜行者赢得500场对战后解锁。,CORE_CFM_781,"['STEALTH', 'TRIGGER_VISUAL']",收集者沙库尔,,,LEGENDARY,CORE,<b>潜行</b>。每当本随从攻击时，将一张另一职业的牌置入你的手牌。,MINION,,,,True,,,,,,,,,,,与潜行者职业一同解锁。,40905.0,,,,传说,6.0,6.177836264338427,0.9712138268595775,潜行者
Dany Orizio,2.0,NEUTRAL,True,2,102225,脏鼠以前并不脏，直到他丢掉了肥皂。,6.0,总计赢得2500场对战后解锁。,CORE_CFM_790,"['BATTLECRY', 'TAUNT']",卑劣的脏鼠,,,EPIC,CORE,<b>嘲讽，战吼：</b>使你的对手随机从手牌中召唤一个随从。,MINION,,,,,,,,,,,,,,,完成教学后解锁。,,,,,史诗,8.0,4.651116518401871,1.7200171116652243,中立
Ralph Horsley,6.0,SHAMAN,True,6,69516,他从来不洗澡。嗯...,5.0,使用萨满祭司赢得50场对战后解锁。,CORE_CS2_042,['BATTLECRY'],火元素,ELEMENTAL,['ELEMENTAL'],COMMON,CORE,<b>战吼：</b>造成4点伤害。,MINION,,,,,,造成4点伤害。,,,,,,,,,与萨满祭司职业一同解锁。,,,,,普通,11.0,10.757995502148095,1.0224953150244005,萨满
Phill Gonzales,2.0,NEUTRAL,True,3,69537,“谁再敢OT的，扣掉50DKP！”,3.0,总计赢得500场对战后解锁。,CORE_CS2_122,['AURA'],团队领袖,,,COMMON,CORE,你的其他随从拥有+1攻击力。,MINION,,,,,,,,,,,,,,,完成教学后解锁。,,,,,普通,5.0,6.177836264338427,0.8093448557163146,中立
Brian Despain,3.0,NEUTRAL,True,4,69542,如果你喜欢巨魔和沙尘的话，森金村还是个不错的地方。,5.0,总计赢得500场对战后解锁。,CORE_CS2_179,['TAUNT'],森金持盾卫士,,,COMMON,CORE,<b>嘲讽</b>,MINION,,,,,,,,,,,,HORDE,,,完成教学后解锁。,,,,,普通,8.0,7.704556010274983,1.0383466599932567,中立
Luca Zontini,1.0,NEUTRAL,True,1,69649,“把我加入你的套牌，白痴！”,1.0,总计赢得500场对战后解锁。,CORE_CS2_188,['BATTLECRY'],叫嚣的中士,,,COMMON,CORE,<b>战吼：</b>在本回合中，使一个随从获得+2攻击力。,MINION,,,,,,在本回合中获得+2攻击力。,,,,,,ALLIANCE,,,完成教学后解锁。,,,,,普通,2.0,3.1243967724653157,0.6401235648511739,中立
Steve Prescott,1.0,NEUTRAL,True,1,69565,媚眼如丝，轻盈如燕，致命如箭。,1.0,总计赢得500场对战后解锁。,CORE_CS2_189,['BATTLECRY'],精灵弓箭手,,,COMMON,CORE,<b>战吼：</b>造成1点伤害。,MINION,,,,,,造成1点伤害。,,,,,,HORDE,,,完成教学后解锁。,,,,,普通,2.0,3.1243967724653157,0.6401235648511739,中立
Brian Despain,6.0,NEUTRAL,True,6,112924,“我非常厉害，绝对值这个价格！”,7.0,总计赢得500场对战后解锁。,Core_CS2_200,,石拳食人魔,,,COMMON,CORE,,MINION,,,,,,,,,,,,,,,完成教学后解锁。,,,,,普通,13.0,10.757995502148095,1.208403554119746,中立
Doug Alexander,7.0,NEUTRAL,True,7,69544,在死亡之翼攻击主城的时候，这个士兵是小队中唯一活下来的一个。现在，他已经变得忍辱负重，镇定自若了。,7.0,总计赢得500场对战后解锁。,CORE_CS2_222,['AURA'],暴风城勇士,,,COMMON,CORE,你的其他随从拥有+1/+1。,MINION,,,,,,,,,,,,ALLIANCE,,,完成教学后解锁。,,,,,普通,14.0,12.284715248084652,1.1396275548334573,中立
Evgeniy Zagumennyy,2.0,MAGE,True,2,126975,“一次召唤两个的随从叫什么呢？双生随从，哈哈！等等……你别走啊！”,2.0,使用法师赢得500场对战后解锁。,CORE_DAL_575,['TRIGGER_VISUAL'],卡德加,,,LEGENDARY,CORE,你的召唤随从的卡牌召唤数量翻倍。,MINION,,,,True,,,,,,,,,,,与法师职业一同解锁。,52502.0,,,,传说,4.0,4.651116518401871,0.8600085558326122,法师
Hideaki Takamura,2.0,NEUTRAL,True,2,120429,他只是想确认奖券是不是真的。正品奖券是草莓味的。,3.0,总计赢得500场对战后解锁。,CORE_DMF_067,"['BATTLECRY', 'DEATHRATTLE']",奖品商贩,MURLOC,['MURLOC'],COMMON,CORE,<b>战吼，亡语：</b>每个玩家抽一张牌。,MINION,,,,,,,,,,,,,,,完成教学后解锁。,61622.0,,,,普通,5.0,4.651116518401871,1.0750106947907652,中立
Eva Widermann,3.0,ROGUE,True,2,120460,他的托是个树人德鲁伊。老千也要和桩配合。,2.0,使用潜行者赢得50场对战后解锁。,CORE_DMF_511,['BATTLECRY'],狐人老千,,,COMMON,CORE,"<b>战吼：</b>
在本回合中，你的下一张<b>连击</b>牌法力值消耗减少（2）点。",MINION,,['COMBO'],,,,,,,,,,,,,与潜行者职业一同解锁。,61151.0,,,,普通,5.0,4.651116518401871,1.0750106947907652,潜行者
Ivan Fomin,1.0,WARRIOR,True,1,127088,或许他应该构思一个能把战利品也一块带回来的飞行方案。,2.0,使用战士赢得50场对战后解锁。,CORE_DRG_024,['BATTLECRY'],空中悍匪,PIRATE,['PIRATE'],COMMON,CORE,<b>战吼：</b>随机将一张海盗牌置入你的手牌。,MINION,,,,,,,,,,,,,,,与战士职业一同解锁。,55005.0,,,,普通,3.0,3.1243967724653157,0.9601853472767609,战士
Arthur Bozonnet,5.0,NEUTRAL,True,6,112925,八百巨龙奔北坡，北坡法师并排跑。,4.0,总计赢得500场对战后解锁。,CORE_DRG_079,"['DIVINE_SHIELD', 'ELUSIVE', 'RUSH']",辟法巨龙,DRAGON,['DRAGON'],COMMON,CORE,<b>突袭</b>。<b>圣盾</b>。<b>扰魔</b>,MINION,,,,,,,,,,,,,,,完成教学后解锁。,,,,,普通,9.0,10.757995502148095,0.836587075929055,中立
Jakub Kasper,2.0,MAGE,True,1,120971,一鸟在手，抵得三弹在坟。,1.0,使用法师赢得50场对战后解锁。,CORE_DRG_107,['DEATHRATTLE'],紫罗兰魔翼鸦,ELEMENTAL,"['ELEMENTAL', 'BEAST']",COMMON,CORE,"<b>亡语：</b>将一张“奥术飞弹”法术牌置入你的
手牌。",MINION,,,,,,,,,,,,,,,与法师职业一同解锁。,54907.0,,,,普通,3.0,3.1243967724653157,0.9601853472767609,法师
Zoltan Boros,3.0,HUNTER,True,4,102191,"*砰！*“那个不是龙！”
*砰！*“那个也不是龙！”",5.0,使用猎人赢得500场对战后解锁。,CORE_DRG_256,['TRIGGER_VISUAL'],灭龙弩炮,MECHANICAL,['MECHANICAL'],LEGENDARY,CORE,在你使用你的英雄技能后，随机对一个敌人造成5点伤害。,MINION,,,,True,,,,,,,,,,,与猎人职业一同解锁。,,,,,传说,8.0,7.704556010274983,1.0383466599932567,猎人
Ekaterina Shapovalova,3.0,NEUTRAL,True,3,120433,在他加入团队之前，我们一直用的是胶带。,3.0,总计赢得2500场对战后解锁。,CORE_DRG_403,['BATTLECRY'],喷灯破坏者,,,EPIC,CORE,<b>战吼：</b>你对手的下一个英雄技能的法力值消耗增加（2）点。,MINION,,,,,,,,,,,,,,,完成教学后解锁。,56226.0,,,,史诗,6.0,6.177836264338427,0.9712138268595775,中立
Tanamaes Leejierasaes,2.0,MAGE,True,3,117307,呓语魔橱现在就是我心目当中的第一卡。阳光，积极，又大方。只需三点法力值拍到场上去，他就能给你两张实用法术牌，太棒了。,4.0,使用法师赢得100场对战后解锁。,CORE_EDR_001,['BATTLECRY'],呓语魔橱,,,RARE,CORE,"<b>战吼：</b>随机
将2张法师法术牌置入你的手牌。",MINION,,,,,,,,,,,,,,,与法师职业一同解锁。,,,,,稀有,6.0,6.177836264338427,0.9712138268595775,法师
Dmitry Bolotov,2.0,DEATHKNIGHT,True,3,118765,天呐，我太喜欢梨了。,4.0,使用死亡骑士赢得500场对战后解锁。,CORE_EDR_003,"['AURA', 'BATTLECRY']",法瑞克,UNDEAD,['UNDEAD'],LEGENDARY,CORE,你获得的<b>残骸</b>量为正常的两倍。<b>战吼：</b>抽一张消耗<b>残骸</b>的牌。,MINION,,,,True,"{'blood': 0, 'frost': 0, 'unholy': 2}",,,,,,,,,,与死亡骑士职业一同解锁。,,,,,传说,6.0,6.177836264338427,0.9712138268595775,
Zoltan Boros,4.0,NEUTRAL,True,3,131356,这块陨石离我们太近了吧！,2.0,总计赢得2500场对战后解锁。,CORE_EDR_004_2026,"['BATTLECRY', 'DISCOVER']",迅猛龙先锋,BEAST,['BEAST'],EPIC,CORE,<b>回溯</b>。<b>战吼：</b><b>发现</b>一张具有<b>黑暗之赐</b>的野兽牌。<b>延系：</b>其法力值消耗减少（1）点。,MINION,,,,,,,,,,,,,,,完成教学后解锁。,119798.0,,,,史诗,6.0,6.177836264338427,0.9712138268595775,中立
Tanamaes Leejierasaes,3.0,NEUTRAL,True,4,130822,“抱歉，中码的没有了。现在只剩下侏儒码，超大码和安尼赫兰码。”,5.0,总计赢得500场对战后解锁。,CORE_ETC_111,['TRIGGER_VISUAL'],商品卖家,NAGA,['NAGA'],COMMON,CORE,在你的回合结束时，随机将一张法术牌置于你对手的牌库顶。,MINION,,,,,,,,,,,,,,,完成教学后解锁。,92258.0,,,,普通,8.0,7.704556010274983,1.0383466599932567,中立
Konstantin Porubov,3.0,DEATHKNIGHT,True,3,117395,他更喜欢死板的录播，不喜欢鲜活的现场。,4.0,使用死亡骑士赢得100场对战后解锁。,CORE_ETC_523,['TAUNT'],死亡金属骑士,UNDEAD,['UNDEAD'],RARE,CORE,<b>嘲讽</b>。在本回合中，如果你的英雄受到治疗，本牌改为消耗生命值而非法力值。,MINION,,,,,"{'blood': 2, 'frost': 0, 'unholy': 0}",,,,,,,,,,与死亡骑士职业一同解锁。,,,,,稀有,7.0,6.177836264338427,1.1330827980028404,
Alex Horley Orlandelli,4.0,NEUTRAL,True,4,102217,巫妖王派他来阻止银色锦标赛的进行。可以说那是个失败。,4.0,总计赢得5000场对战后解锁。,CORE_EX1_002,"['BATTLECRY', 'TRADEABLE']",黑骑士,UNDEAD,['UNDEAD'],LEGENDARY,CORE,"<b>可交易</b>
<b>战吼：</b>消灭一个具有<b>嘲讽</b>的敌方随从。",MINION,,['TAUNT'],,True,,消灭一个具有嘲讽的随从。,,,,,,,,,完成教学后解锁。,,,,,传说,8.0,7.704556010274983,1.0383466599932567,中立
Chris Seaman,4.0,NEUTRAL,True,4,69652,魔暴龙之类的猎物已经让他提不起兴趣了。很快，他就会提着一把生锈的“科罗尔之刃”去猎杀奥妮克希亚了。,2.0,总计赢得2500场对战后解锁。,CORE_EX1_005,"['BATTLECRY', 'TRADEABLE']",王牌猎人,,,EPIC,CORE,"<b>可交易</b>
<b>战吼：</b>消灭一个攻击力大于或等于7的随从。",MINION,,,,,,消灭一个攻击力大于或等于7的随从。,,,,,,,,,完成教学后解锁。,,,,,史诗,6.0,7.704556010274983,0.7787599949949425,中立
Dave Kendall,1.0,NEUTRAL,True,3,76316,在他年轻的时候，他经受的是“快乐侍僧”的训练，但是训练成果并不如他想象的那么好。,4.0,总计赢得500场对战后解锁。,CORE_EX1_007,['TRIGGER_VISUAL'],苦痛侍僧,,,COMMON,CORE,每当本随从受到伤害，抽一张牌。,MINION,,,,,,,,,,,,,,,完成教学后解锁。,,,,,普通,5.0,6.177836264338427,0.8093448557163146,中立
Raymond Swanland,2.0,NEUTRAL,True,1,69654,他们原本都是人类，他们更知道怎样悄无声息地进入某些人类的居所中。,1.0,总计赢得500场对战后解锁。,CORE_EX1_010,['STEALTH'],狼人渗透者,,,COMMON,CORE,<b>潜行</b>,MINION,,,,,,,,,,,,ALLIANCE,,,完成教学后解锁。,,,,,普通,3.0,3.1243967724653157,0.9601853472767609,中立
Karl Richardson,2.0,NEUTRAL,True,1,69547,别以为带上大坏蛋面具，再把两根筷子插在嘴里，你就是巫医了，伙计。,1.0,总计赢得500场对战后解锁。,CORE_EX1_011,['BATTLECRY'],巫医,,,COMMON,CORE,"<b>战吼：</b>
恢复#2点生命值。",MINION,,,,,,恢复#2点生命值。,,,,,,HORDE,,,完成教学后解锁。,,,,,普通,3.0,3.1243967724653157,0.9601853472767609,中立
Alex Horley Orlandelli,1.0,NEUTRAL,True,2,69655,他负责每年一度的血色修道院献血运动！,1.0,总计赢得5000场对战后解锁。,CORE_EX1_012,"['DEATHRATTLE', 'SPELLPOWER']",血法师萨尔诺斯,UNDEAD,['UNDEAD'],LEGENDARY,CORE,<b>法术伤害+1</b>，<b>亡语：</b>抽一张牌。,MINION,,,,True,,,,,,,,,1.0,,完成教学后解锁。,,,,,传说,2.0,4.651116518401871,0.4300042779163061,中立
Sunny Gho,5.0,NEUTRAL,True,3,69656,穆克拉在哈圭罗岛上徘徊，寻找他的真爱。,6.0,总计赢得5000场对战后解锁。,CORE_EX1_014,['BATTLECRY'],穆克拉,BEAST,['BEAST'],LEGENDARY,CORE,<b>战吼：</b>使你的对手获得两根香蕉。,MINION,,,,True,,,,,,,,,,,完成教学后解锁。,,,,,传说,11.0,6.177836264338427,1.7805586825758921,中立
Alex Horley Orlandelli,5.0,NEUTRAL,True,5,69658,这些美丽的大猫是荆棘谷一道亮丽的风景！,5.0,总计赢得500场对战后解锁。,CORE_EX1_028,['STEALTH'],荆棘谷猛虎,BEAST,['BEAST'],COMMON,CORE,<b>潜行</b>,MINION,,,,,,,,,,,,ALLIANCE,,,完成教学后解锁。,,,,,普通,10.0,9.231275756211538,1.0832738902064758,中立
Jaemin Kim,4.0,NEUTRAL,True,4,76325,暮光幼龙以神秘能量为食，还吃玉米卷。,1.0,总计赢得1000场对战后解锁。,CORE_EX1_043,['BATTLECRY'],暮光幼龙,DRAGON,['DRAGON'],RARE,CORE,"<b>战吼：</b>
你每有一张手牌，便获得+1生命值。",MINION,,,,,,,,,,,,,,,完成教学后解锁。,,,,,稀有,5.0,7.704556010274983,0.6489666624957855,中立
James Ryman,2.0,NEUTRAL,True,2,120578,她拿着一面盾牌，但也只有这样，她才能把它给别人，然后躲在后面。,3.0,总计赢得1000场对战后解锁。,CORE_EX1_058,['BATTLECRY'],日怒保卫者,,,RARE,CORE,<b>战吼：</b>使相邻的随从获得<b>嘲讽</b>。,MINION,,['TAUNT'],,,,,,,,,,ALLIANCE,,,完成教学后解锁。,891.0,,,,稀有,5.0,4.651116518401871,1.0750106947907652,中立
Tom Fleming,2.0,NEUTRAL,True,2,69661,“你一定会喜欢我的新配方的！”他总是这么说...特别是当你对你现在的触手数量不满意的时候。,2.0,总计赢得1000场对战后解锁。,CORE_EX1_059,['BATTLECRY'],疯狂的炼金师,UNDEAD,['UNDEAD'],RARE,CORE,"<b>战吼：</b>
使一个随从的攻击力和生命值互换。",MINION,,,,,,使一个随从的攻击力和生命值互换。,,,,,,,,,完成教学后解锁。,,1.0,,,稀有,4.0,4.651116518401871,0.8600085558326122,中立
Mike Sass,3.0,NEUTRAL,True,2,69662,其实他也不算是很疯狂，他只是应该在携带炸药的时候更加小心一点而已。,2.0,总计赢得500场对战后解锁。,CORE_EX1_082,['BATTLECRY'],疯狂投弹者,,,COMMON,CORE,<b>战吼：</b>造成3点伤害，随机分配到所有其他角色身上。,MINION,,,,,,,,,,,,ALLIANCE,,,完成教学后解锁。,,,,,普通,5.0,4.651116518401871,1.0750106947907652,中立
Jim Nelson,2.0,NEUTRAL,True,2,69665,全都点需求。,1.0,总计赢得500场对战后解锁。,CORE_EX1_096,['DEATHRATTLE'],战利品贮藏者,,,COMMON,CORE,<b>亡语：</b>抽一张牌。,MINION,,,,,,,,,,,,,,,完成教学后解锁。,,,,,普通,3.0,4.651116518401871,0.6450064168744591,中立
Mark Zug,0.0,NEUTRAL,True,2,120883,游学者周卓整理并分享有关潘达利亚大陆的轶事，但他最喜欢的故事，是乔伊和菲比一起外出旅行发生的事情。,4.0,总计赢得5000场对战后解锁。,CORE_EX1_100,['TRIGGER_VISUAL'],游学者周卓,,,LEGENDARY,CORE,每当一个玩家施放一个法术，复制该法术，将其置入另一个玩家的手牌。,MINION,,,,True,,,,,,,,,,,完成教学后解锁。,1135.0,,,,传说,4.0,4.651116518401871,0.8600085558326122,中立
Arthur Gimaldinov,2.0,NEUTRAL,True,3,69666,寒光鱼人终年居住于无底海渊最黑暗的洞穴之中。所以，是的，你到哪儿都别想摆脱鱼人。,3.0,总计赢得1000场对战后解锁。,CORE_EX1_103,['BATTLECRY'],寒光先知,MURLOC,['MURLOC'],RARE,CORE,<b>战吼：</b>使你的其他鱼人获得+2生命值。,MINION,,,,,,,,,,,,,,,完成教学后解锁。,,,,,稀有,5.0,6.177836264338427,0.8093448557163146,中立
Wayne Reynolds,5.0,NEUTRAL,True,6,69667,凯恩被加尔鲁什杀害了，所以...别把这张牌放在战士的套牌里，这完全说不通。,5.0,总计赢得5000场对战后解锁。,CORE_EX1_110,"['DEATHRATTLE', 'TAUNT']",凯恩·血蹄,,,LEGENDARY,CORE,<b>嘲讽</b>。<b>亡语：</b>召唤一个5/5的贝恩·血蹄。,MINION,,,,True,,,,,,,,ALLIANCE,,,完成教学后解锁。,,,,,传说,10.0,10.757995502148095,0.9295411954767278,中立
Dany Orizio,3.0,ROGUE,True,2,120571,他在数年前偷走了地契，所以理论上说这片地盘确实是他的。他还喜欢用“白痴”称呼别人，显得自己很有势力。,2.0,使用潜行者赢得50场对战后解锁。,CORE_EX1_131,['COMBO'],迪菲亚头目,,,COMMON,CORE,<b>连击：</b>召唤一个2/1的迪菲亚强盗。,MINION,,,,,,,,,,,,,,,与潜行者职业一同解锁。,201.0,,,,普通,5.0,4.651116518401871,1.0750106947907652,潜行者
Chris Moeller,3.0,ROGUE,True,3,69621,军情七处的特工们负责暴风城内的所有隐秘行动，包括间谍活动、暗杀以及秘密筹备皇室成员的生日派对。,3.0,使用潜行者赢得100场对战后解锁。,CORE_EX1_134,['COMBO'],军情七处特工,,,RARE,CORE,<b>连击：</b>造成3点伤害。,MINION,,,,,,造成3点伤害。,,,,,,,,,与潜行者职业一同解锁。,,,,,稀有,6.0,6.177836264338427,0.9712138268595775,潜行者
John Dickenson,2.0,NEUTRAL,True,2,69668,这支球队没有后卫。,2.0,总计赢得500场对战后解锁。,CORE_EX1_162,"['ADJACENT_BUFF', 'AURA']",恐狼前锋,BEAST,['BEAST'],COMMON,CORE,相邻的随从拥有+1攻击力。,MINION,,,,,,,,,,,,,,,完成教学后解锁。,,,,,普通,4.0,4.651116518401871,0.8600085558326122,中立
Jerry Mascho,3.0,NEUTRAL,True,2,69672,小精灵龙一般是由糖、香料和无数个疯狂的副作用所组成的。,2.0,总计赢得5000场对战后解锁。,CORE_EX1_189,['BATTLECRY'],光明之翼,DRAGON,['DRAGON'],LEGENDARY,CORE,"<b>战吼：</b>随机将一张<b>传说</b>随从牌置入你的
手牌。",MINION,,,,True,,,,,,,,,,,完成教学后解锁。,,,,,传说,5.0,4.651116518401871,1.0750106947907652,中立
Jim Nelson,1.0,PRIEST,True,1,69566,“我看到了……小精灵？你为什么要带小精灵？！”,2.0,使用牧师赢得50场对战后解锁。,CORE_EX1_193,['BATTLECRY'],心灵咒术师,UNDEAD,['UNDEAD'],COMMON,CORE,<b>战吼：</b>复制你对手的牌库中的一张牌，并将其置入你的手牌。,MINION,,,,,,,,,,,,,,,与牧师职业一同解锁。,,,,,普通,3.0,3.1243967724653157,0.9601853472767609,牧师
James Ryman,7.0,PRIEST,True,7,69617,是她发现了萨拉塔斯，黑暗帝国之刃，暗影魔法的恐怖神器。可以生吞灵魂，<i>也能</i>将灵魂细细切丝。,1.0,使用牧师赢得500场对战后解锁。,CORE_EX1_198,['BATTLECRY'],娜塔莉·塞林,,,LEGENDARY,CORE,<b>战吼：</b>消灭一个随从并获得其生命值。,MINION,,,,True,,消灭一个随从。,,,,,,,,,与牧师职业一同解锁。,,,,,传说,8.0,12.284715248084652,0.6512157456191184,牧师
Dan Scott,7.0,SHAMAN,True,5,69627,硬如磐石，坚不可破。,9.0,使用萨满祭司赢得250场对战后解锁。,CORE_EX1_250,"['OVERLOAD', 'TAUNT']",土元素,ELEMENTAL,['ELEMENTAL'],EPIC,CORE,<b>嘲讽</b>，<b>过载：</b>（2）,MINION,,,,,,,,,,,,,,2.0,与萨满祭司职业一同解锁。,,,,,史诗,16.0,9.231275756211538,1.7332382243303615,萨满
Lucas Graciano,5.0,WARLOCK,True,5,111457,召唤末日守卫有很大的风险。总得有人付出生命的代价。,7.0,使用术士赢得100场对战后解锁。,CORE_EX1_310,"['BATTLECRY', 'CHARGE']",末日守卫,DEMON,['DEMON'],RARE,CORE,<b>冲锋</b>，<b>战吼：</b>随机弃两张牌。,MINION,,,,,,,,,,,,,,,与术士职业一同解锁。,,,,,稀有,12.0,9.231275756211538,1.299928668247771,术士
Alex Horley Orlandelli,3.0,WARLOCK,True,1,69636,小鬼们喜欢引火上身。它们就是喜欢。,2.0,使用术士赢得50场对战后解锁。,CORE_EX1_319,['BATTLECRY'],烈焰小鬼,DEMON,['DEMON'],COMMON,CORE,<b>战吼：</b>对你的英雄造成3点伤害。,MINION,,,,,,,,,,,,,,,与术士职业一同解锁。,,,,,普通,5.0,3.1243967724653157,1.6003089121279348,术士
Doug Alexander,3.0,PALADIN,True,2,69611,“我没说你能够躲过火球。我是说有了这盾，你就不需要躲了。”,2.0,使用圣骑士赢得50场对战后解锁。,CORE_EX1_362,['BATTLECRY'],银色保卫者,,,COMMON,CORE,<b>战吼：</b>使一个其他友方随从获得<b>圣盾</b>。,MINION,,['DIVINE_SHIELD'],,,,使其获得<b>圣盾</b>。,,,,,,,,,与圣骑士职业一同解锁。,,,,,普通,5.0,4.651116518401871,1.0750106947907652,圣骑士
Brom,8.0,PALADIN,True,8,69613,如果你还没听过《提里奥·弗丁主题曲》，那是因为它还没被谱写出来。,8.0,使用圣骑士赢得500场对战后解锁。,CORE_EX1_383,"['DEATHRATTLE', 'DIVINE_SHIELD', 'TAUNT']",提里奥·弗丁,,,LEGENDARY,CORE,"<b>圣盾</b>，<b>嘲讽</b>，<b>亡语：</b>装备一把5/3的
灰烬使者。",MINION,,,,True,,,,,,,,,,,与圣骑士职业一同解锁。,,,,,传说,16.0,13.811434994021205,1.1584603632371435,圣骑士
Glenn Rane,4.0,WARRIOR,True,8,69643,灰谷南方，来自地狱的咆哮还在回响。,9.0,使用战士赢得500场对战后解锁。,CORE_EX1_414,"['CHARGE', 'ENRAGED']",格罗玛什·地狱咆哮,,,LEGENDARY,CORE,"<b>冲锋</b>
受伤时拥有+6攻
击力。",MINION,,,,True,,,,,,,,,,,与战士职业一同解锁。,,,,,传说,13.0,13.811434994021205,0.941249045130179,战士
Dan Scott,2.0,NEUTRAL,True,2,69557,“死亡之潮升涌而起！”,1.0,总计赢得500场对战后解锁。,CORE_EX1_506,['BATTLECRY'],鱼人猎潮者,MURLOC,['MURLOC'],COMMON,CORE,<b>战吼：</b>召唤一个1/1的鱼人斥候。,MINION,,,,,,,,,,,,,,,完成教学后解锁。,,,,,普通,3.0,4.651116518401871,0.6450064168744591,中立
Tim McBurnie,3.0,NEUTRAL,True,3,76270,鱼人们老是发出一样的声音，难道不觉得厌烦吗？不！姆格拉咕嗯噜咕噜咕噜咕噜咕噜！,3.0,总计赢得2500场对战后解锁。,CORE_EX1_507,['AURA'],鱼人领军,MURLOC,['MURLOC'],EPIC,CORE,你的其他鱼人拥有+2攻击力。,MINION,,,,,,,,,,,,,,,完成教学后解锁。,,,,,史诗,6.0,6.177836264338427,0.9712138268595775,中立
Jaemin Kim,1.0,NEUTRAL,True,1,69675,每当他和他的家人团聚时，这个家伙会变得特别厉害。,2.0,总计赢得1000场对战后解锁。,CORE_EX1_509,['TRIGGER_VISUAL'],鱼人招潮者,MURLOC,['MURLOC'],RARE,CORE,"每当你召唤一个鱼人，便获得
+1攻击力。",MINION,,,,,,,,,,,,,,,完成教学后解锁。,,,,,稀有,3.0,3.1243967724653157,0.9601853472767609,中立
Wayne Reynolds,5.0,MAGE,True,7,120426,肯瑞托的首席法师，达拉然最伟大的子民，安东尼达斯在被巫妖王阿尔萨斯杀死之前，曾是吉安娜的导师。,7.0,使用法师赢得500场对战后解锁。,CORE_EX1_559,['TRIGGER_VISUAL'],大法师安东尼达斯,,,LEGENDARY,CORE,每当你施放一个法术，将一张“火球术”法术牌置入你的手牌。,MINION,,,,True,,,,,,,,,,,与法师职业一同解锁。,1080.0,,,,传说,12.0,12.284715248084652,0.9768236184286776,法师
Simon Bisley,2.0,WARRIOR,True,3,69645,在投身狂战士这份很有前途的工作之前，他是一个会计。,4.0,使用战士赢得100场对战后解锁。,CORE_EX1_604,['TRIGGER_VISUAL'],暴乱狂战士,,,RARE,CORE,"每当一个随从
受到伤害，便获得+1攻击力。",MINION,,,,,,,,,,,,,,,与战士职业一同解锁。,,,,,稀有,6.0,6.177836264338427,0.9712138268595775,战士
Sam Hogg,0.0,SHAMAN,True,0,130790,到底是女巫变成了青蛙，还是青蛙变成了女巫？,1.0,使用萨满祭司赢得50场对战后解锁。,CORE_GIL_531,"['BATTLECRY', 'TAUNT']",女巫的学徒,BEAST,['BEAST'],COMMON,CORE,<b>嘲讽，战吼：</b>随机将一张萨满祭司法术牌置入你的手牌。,MINION,,,,,,,,,,,,,,,与萨满祭司职业一同解锁。,46998.0,,,,普通,1.0,1.5976770265287596,0.6259087308607545,萨满
A. J. Nazzaro,3.0,NEUTRAL,True,3,97343,月底缺钱吗？讨厌探险者协会吗？来加入我们吧！,3.0,总计赢得500场对战后解锁。,CORE_GIL_534,['TRIGGER_VISUAL'],荆棘帮暴徒,QUILBOAR,['QUILBOAR'],COMMON,CORE,在你的英雄攻击后，使本随从获得+1/+1。,MINION,,,,,,,,,,,,,,,完成教学后解锁。,,,,,普通,6.0,6.177836264338427,0.9712138268595775,中立
Luca Zontini,2.0,NEUTRAL,True,1,129175,除去四颗牙，都是高蛋白。,1.0,总计赢得500场对战后解锁。,CORE_GIL_558,['LIFESTEAL'],沼泽水蛭,BEAST,['BEAST'],COMMON,CORE,<b>吸血</b>,MINION,,,,,,,,,,,,,,,完成教学后解锁。,47072.0,,,,普通,3.0,3.1243967724653157,0.9601853472767609,中立
Slawomir Maniak,3.0,NEUTRAL,True,4,76320,饿昏头的时候，它也会吸零度圣水。,3.0,总计赢得1000场对战后解锁。,CORE_GIL_622,['BATTLECRY'],吸血蚊,BEAST,['BEAST'],RARE,CORE,<b>战吼：</b>对敌方英雄造成3点伤害。为你的英雄恢复#3点生命值。,MINION,,,,,,,,,,,,,,,完成教学后解锁。,,,,,稀有,6.0,7.704556010274983,0.7787599949949425,中立
Alex Alexandrov,3.0,NEUTRAL,True,5,130791,虽然看似有点不现实，但还是有很多人想拿它当坐骑。,12.0,总计赢得1000场对战后解锁。,CORE_GIL_623,"['BATTLECRY', 'TAUNT']",女巫森林灰熊,BEAST,['BEAST'],RARE,CORE,"<b>嘲讽</b>。<b>战吼：</b>
你的对手每有一张手牌，本随从便失去1点生命值。",MINION,,,,,,,,,,,,,,,完成教学后解锁。,47346.0,,,,稀有,15.0,9.231275756211538,1.6249108353097137,中立
Matt Dixon,1.0,NEUTRAL,True,2,69718,发明吵吵机器人的工程师先是被工匠学院立即开除，然后被赶出了工匠镇，最后被驱逐出了东部王国。,2.0,总计赢得500场对战后解锁。,CORE_GVG_085,"['DIVINE_SHIELD', 'TAUNT']",吵吵机器人,MECHANICAL,['MECHANICAL'],COMMON,CORE,"<b>嘲讽</b>
<b>圣盾</b>",MINION,,,,,,,,,,,,,,,完成教学后解锁。,,2.0,,,普通,3.0,4.651116518401871,0.6450064168744591,中立
Skan Srisuwan,1.0,NEUTRAL,True,2,130823,它虽然体型不大，但它学习战斗的能力却非常惊人。,2.0,总计赢得500场对战后解锁。,CORE_GVG_103,['TRIGGER_VISUAL'],微型战斗机甲,MECHANICAL,['MECHANICAL'],COMMON,CORE,在每个回合开始时，获得+1攻击力。,MINION,,,,,,,,,,,,,,,完成教学后解锁。,2071.0,,,,普通,3.0,4.651116518401871,0.6450064168744591,中立
Christopher Moeller,5.0,NEUTRAL,True,7,120575,当斯尼德在死亡矿井被击败后，他的伐木机在一次拍卖中被一位匿名买家收购。（可能是霍格。）,7.0,总计赢得5000场对战后解锁。,CORE_GVG_114,['DEATHRATTLE'],斯尼德的伐木机,MECHANICAL,['MECHANICAL'],LEGENDARY,CORE,<b>亡语：</b>随机召唤一个<b>传说</b>随从。,MINION,,,,True,,,,,,,,,,,完成教学后解锁。,2082.0,,,,传说,12.0,12.284715248084652,0.9768236184286776,中立
Evgeniy Dlinnov,1.0,PALADIN,True,1,69705,本来想起名叫烈日保护者，但这里实在是太冷了。,1.0,使用圣骑士赢得50场对战后解锁。,CORE_ICC_038,"['DIVINE_SHIELD', 'TAUNT']",正义保护者,,,COMMON,CORE,"<b>嘲讽</b>
<b>圣盾</b>",MINION,,,,,,,,,,,,,,,与圣骑士职业一同解锁。,,,,,普通,2.0,3.1243967724653157,0.6401235648511739,圣骑士
Paul Kwon,2.0,PRIEST,True,2,95746,当你已经身处最底层时，只能往上升了。,3.0,使用牧师赢得50场对战后解锁。,CORE_ICC_210,['TRIGGER_VISUAL'],暗影升腾者,UNDEAD,['UNDEAD'],COMMON,CORE,在你的回合结束时，随机使另一个友方随从获得+1/+1。,MINION,,,,,,,,,,,,,,,与牧师职业一同解锁。,,,,,普通,5.0,4.651116518401871,1.0750106947907652,牧师
A. J. Nazzaro,4.0,PRIEST,True,9,95732,原画师花了大量工夫，用凿子在面部精雕细琢，才表现出这副嘲讽的表情。,8.0,使用牧师赢得250场对战后解锁。,CORE_ICC_214,"['DEATHRATTLE', 'LIFESTEAL', 'TAUNT']",黑曜石雕像,,,EPIC,CORE,"<b>嘲讽</b>，<b>吸血</b>
<b>亡语：</b>随机消灭一个敌方随从。",MINION,,,,,,,,,,,,,,,与牧师职业一同解锁。,,,,,史诗,12.0,15.338154739957762,0.7823626898702839,牧师
Matt Dixon,2.0,WARLOCK,True,2,95710,她更喜欢别人叫她“吸血靓妹”。,3.0,使用术士赢得250场对战后解锁。,CORE_ICC_407,['BATTLECRY'],侏儒吸血鬼,UNDEAD,['UNDEAD'],EPIC,CORE,<b>战吼：</b>移除你对手的牌库顶的一张牌。,MINION,,,,,,,,,,,,,,,与术士职业一同解锁。,,,,,史诗,5.0,4.651116518401871,1.0750106947907652,术士
Zoltan Boros,4.0,PALADIN,True,4,130821,如何骑上去，这是一个问题。,4.0,使用圣骑士赢得100场对战后解锁。,CORE_KAR_057,"['BATTLECRY', 'DISCOVER']",象牙骑士,,,RARE,CORE,<b>战吼：</b><b>发现</b>一张法术牌。为你的英雄恢复等同于其法力值消耗的生命值。,MINION,,,,,,,,,,,,,,,与圣骑士职业一同解锁。,39439.0,,,,稀有,8.0,7.704556010274983,1.0383466599932567,圣骑士
Wei Wang,4.0,NEUTRAL,True,5,120180,年久失修的馆长，脾气也变得十分古怪。,6.0,总计赢得5000场对战后解锁。,CORE_KAR_061,"['BATTLECRY', 'TAUNT']",馆长,MECHANICAL,['MECHANICAL'],LEGENDARY,CORE,<b>嘲讽</b>。<b>战吼：</b>抽取野兽牌，龙牌和鱼人牌各一张。,MINION,,,,True,,,,,,,,,,,完成教学后解锁。,39225.0,,,,传说,10.0,9.231275756211538,1.0832738902064758,中立
Ralph Horsley,2.0,NEUTRAL,True,2,120172,她会告诉你当年那些没挡着绿光的人，现在都回家带孩子去了！,3.0,总计赢得500场对战后解锁。,CORE_KAR_062,"['BATTLECRY', 'DISCOVER']",虚空幽龙史学家,,,COMMON,CORE,<b>战吼：</b>如果你的手牌中有龙牌，便<b>发现</b>一张龙牌。,MINION,,,,,,,,,,,,,,,完成教学后解锁。,39554.0,,,,普通,5.0,4.651116518401871,1.0750106947907652,中立
Zoltan Boros,1.0,ROGUE,True,1,69742,只要两杯朗姆酒，他就能吹上一整天！,2.0,使用潜行者赢得50场对战后解锁。,CORE_KAR_069,['BATTLECRY'],吹嘘海盗,PIRATE,['PIRATE'],COMMON,CORE,<b>战吼：</b>随机将一张另一职业的卡牌置入你的手牌。,MINION,,,,,,,,,,,,,,,与潜行者职业一同解锁。,,,,,普通,3.0,3.1243967724653157,0.9601853472767609,潜行者
Skan Srisuwan,3.0,NEUTRAL,True,3,86548,A1和A2型机械金刚都发疯了，早知道不给它们喂香蕉了……,4.0,总计赢得500场对战后解锁。,CORE_LOE_039,"['BATTLECRY', 'DISCOVER']",A3型机械金刚,MECHANICAL,"['MECHANICAL', 'BEAST']",COMMON,CORE,<b>战吼：</b>如果你控制着其他机械，<b>发现</b>一张机械牌。,MINION,,,,,,,,,,,,,,,完成教学后解锁。,,,,,普通,7.0,6.177836264338427,1.1330827980028404,中立
Steve Prescott,2.0,WARLOCK,True,2,117060,他总想朝别人做粗鄙的手势，幸好他没有中指。,4.0,使用术士赢得50场对战后解锁。,CORE_LOOT_013,"['BATTLECRY', 'TAUNT']",粗俗的矮劣魔,DEMON,['DEMON'],COMMON,CORE,<b>嘲讽，战吼：</b>对你的英雄造成2点伤害。,MINION,,,,,,,,,,,,,,,与术士职业一同解锁。,43121.0,1.0,,,普通,6.0,4.651116518401871,1.2900128337489183,术士
Sean McNally,6.0,NEUTRAL,True,9,69726,当地村民把她称为“那座沉睡的山丘”。,12.0,总计赢得500场对战后解锁。,CORE_LOOT_137,['TAUNT'],贪睡巨龙,DRAGON,['DRAGON'],COMMON,CORE,<b>嘲讽</b>,MINION,,,,,,,,,,,,,,,完成教学后解锁。,,,,,普通,18.0,15.338154739957762,1.1735440348054258,中立
Jerry Mascho,3.0,WARLOCK,True,9,126893,他能让一切归于虚空，包括每个月的信用卡账单。,9.0,使用术士赢得250场对战后解锁。,CORE_LOOT_368,"['DEATHRATTLE', 'TAUNT']",虚空领主,DEMON,['DEMON'],EPIC,CORE,"<b>嘲讽，亡语：</b>
召唤三个1/3并具有<b>嘲讽</b>的恶魔。",MINION,,,,,,,,,,,,,,,与术士职业一同解锁。,46056.0,,,,史诗,12.0,15.338154739957762,0.7823626898702839,术士
Ian Ameling,2.0,NEUTRAL,True,2,76323,“好了，你的队伍打败了那只甲虫。”“我要把它放在头上。”“什么？”“我要把它戴在头上，像帽子一样。”,3.0,总计赢得500场对战后解锁。,CORE_LOOT_413,['DEATHRATTLE'],硬壳甲虫,BEAST,['BEAST'],COMMON,CORE,"<b>亡语：</b>
获得3点护甲值。",MINION,,,,,,,,,,,,,,,完成教学后解锁。,,,,,普通,5.0,4.651116518401871,1.0750106947907652,中立
Jim Nelson,2.0,NEUTRAL,True,2,69677,“我一个星期只出去打劫七天。”,3.0,总计赢得500场对战后解锁。,CORE_NEW1_018,['BATTLECRY'],血帆袭击者,PIRATE,['PIRATE'],COMMON,CORE,"<b>战吼：</b>
获得等同于你的武器攻击力的攻击力。",MINION,,,,,,,,,,,,,,,完成教学后解锁。,,,,,普通,5.0,4.651116518401871,1.0750106947907652,中立
Alex Horley Orlandelli,3.0,NEUTRAL,True,2,76321,爆炸吧，宝贝儿！炸得越烂越好！让那些统治者去死吧！,2.0,总计赢得1000场对战后解锁。,CORE_NEW1_020,['TRIGGER_VISUAL'],狂野炎术师,UNDEAD,['UNDEAD'],RARE,CORE,在你施放一个法术后，对所有随从造成1点伤害。,MINION,,,,,,,,,,,,,,,完成教学后解锁。,,,,,稀有,5.0,4.651116518401871,1.0750106947907652,中立
Alex Horley Orlandelli,0.0,NEUTRAL,True,2,76317,他的预言几乎都是准确的。他确信，大约会是在《大地的裂变》。,7.0,总计赢得2500场对战后解锁。,CORE_NEW1_021,['TRIGGER_VISUAL'],末日预言者,,,EPIC,CORE,在你的回合开始时，消灭所有随从。,MINION,,,,,,,,,,,,,,,完成教学后解锁。,,,,,史诗,7.0,4.651116518401871,1.5050149727070712,中立
Trent Kaniuga,3.0,NEUTRAL,True,4,102230,“呀”在海盗的行话中代表“你好啊，有钱人。”,3.0,总计赢得500场对战后解锁。,CORE_NEW1_022,['TAUNT'],恐怖海盗,PIRATE,['PIRATE'],COMMON,CORE,"<b>嘲讽</b>
你的武器每有1点攻击力，本牌的法力值消耗便减少（1）点。",MINION,,,,,,,,,,,,,,,完成教学后解锁。,,,,,普通,6.0,7.704556010274983,0.7787599949949425,中立
Samwise,3.0,NEUTRAL,True,2,76329,可爱至极，免疫魔法，不会在毯子上撒尿。真是完美的宠物！,2.0,总计赢得500场对战后解锁。,CORE_NEW1_023,['ELUSIVE'],精灵龙,DRAGON,['DRAGON'],COMMON,CORE,<b>扰魔</b>,MINION,,,,,,,,,,,,,,,完成教学后解锁。,,,,,普通,5.0,4.651116518401871,1.0750106947907652,中立
Ken Steacy,3.0,NEUTRAL,True,3,69679,当他掠夺到足够的财宝之后，他一定要去订做一顶帅气的船长帽子。他是帽子控。,3.0,总计赢得2500场对战后解锁。,CORE_NEW1_027,['AURA'],南海船长,PIRATE,['PIRATE'],EPIC,CORE,你的其他海盗拥有+1/+1。,MINION,,,,,,,,,,,,,,,完成教学后解锁。,,,,,史诗,6.0,6.177836264338427,0.9712138268595775,中立
Daniil Kudriavtsev,4.0,WARRIOR,True,3,120574,还有，更多！要找个人掌舵！,3.0,使用战士赢得50场对战后解锁。,CORE_NX2_028,['TRIGGER_VISUAL'],钩拳-3000型,PIRATE,"['MECHANICAL', 'PIRATE']",COMMON,CORE,在你的英雄攻击后，获得4点护甲值并抽一张牌。,MINION,,,,,,,,,,,,,,,与战士职业一同解锁。,86692.0,,True,,普通,7.0,6.177836264338427,1.1330827980028404,战士
Anton Zemskov,3.0,DRUID,True,4,76287,每当范达尔·鹿盔举起酒杯，并以“想当年我在种世界之树的时候……”为开场白在那老调重弹时，众酒客便会作鸟兽散。,6.0,使用德鲁伊赢得500场对战后解锁。,CORE_OG_044,['AURA'],范达尔·鹿盔,,,LEGENDARY,CORE,你的<b>抉择</b>牌和英雄技能可以同时拥有两种效果。,MINION,,['CHOOSE_ONE'],,True,,,,,,,,,,,与德鲁伊职业一同解锁。,,,,,传说,9.0,7.704556010274983,1.1681399924924138,德鲁伊
Dany Orizio,3.0,WARRIOR,True,3,120573,别看他个头不大，脾气倒不小。,3.0,使用战士赢得50场对战后解锁。,CORE_OG_149,['BATTLECRY'],暴虐食尸鬼,UNDEAD,['UNDEAD'],COMMON,CORE,<b>战吼：</b>对所有其他随从造成1点伤害。,MINION,,,,,,,,,,,,,,,与战士职业一同解锁。,38530.0,,,,普通,6.0,6.177836264338427,0.9712138268595775,战士
Paul Mafayon,2.0,WARRIOR,True,4,76303,上古之神对他低语了很长时间他才回过神来，看来这位勇士真的该好好检查一下听力了。,6.0,使用战士赢得50场对战后解锁。,CORE_OG_218,"['ENRAGED', 'TAUNT']",血蹄勇士,,,COMMON,CORE,"<b>嘲讽</b>
受伤时拥有+3攻
击力。",MINION,,,,,,,,,,,,,,,与战士职业一同解锁。,,,,,普通,8.0,7.704556010274983,1.0383466599932567,战士
BOSi Studio,4.0,DRUID,True,5,129216,某些德鲁伊口中的平衡，是自然和奥术之间的平衡。而某些德鲁伊口中的平衡，是对手生命值和自身生命值之间的平衡。,5.0,使用德鲁伊赢得100场对战后解锁。,CORE_ONY_018,['CHOOSE_ONE'],暴烈枭兽,,,RARE,CORE,<b>抉择：</b>为你的英雄恢复#8点生命值；或者造成4点伤害。,MINION,,,,,,,,,,,,,,,与德鲁伊职业一同解锁。,71241.0,,True,,稀有,9.0,9.231275756211538,0.9749465011858283,德鲁伊
Vladimir Kafanov,1.0,PALADIN,True,2,128336,她是那种最接地气的圣骑士……除非她站起身来。,3.0,使用圣骑士赢得100场对战后解锁。,CORE_ONY_022,"['BATTLECRY', 'DISCOVER']",武装教士,DRAENEI,['DRAENEI'],RARE,CORE,<b>战吼：</b><b>发现</b>一张神圣法术牌。,MINION,,,,,,,,,,,,,,,与圣骑士职业一同解锁。,71248.0,,True,,稀有,4.0,4.651116518401871,0.8600085558326122,圣骑士
Mike Sass,3.0,NEUTRAL,True,3,115971,“是大帝亲口说的，他想要开放式设计……”,3.0,总计赢得2500场对战后解锁。,CORE_REV_023,"['BATTLECRY', 'TRADEABLE']",拆迁修理工,,,EPIC,CORE,"<b>可交易</b>
<b>战吼：</b>摧毁一个敌方地标。",MINION,,,,,,摧毁一个敌方<b>地标</b>。,,,,,,,,,完成教学后解锁。,79990.0,,,,史诗,6.0,6.177836264338427,0.9712138268595775,中立
Ishmael Hoover,1.0,NEUTRAL,True,2,118076,“那么在您的左手边呢，您还可以看到一尊更大的德纳修斯大帝雕像！”,1.0,总计赢得500场对战后解锁。,CORE_REV_308,['BATTLECRY'],迷宫向导,,,COMMON,CORE,<b>战吼：</b>随机召唤一个法力值消耗为（2）的随从。,MINION,,,,,,,,,,,,,,,完成教学后解锁。,77491.0,,,,普通,2.0,4.651116518401871,0.4300042779163061,中立
Daniil Kudriavtsev,5.0,NEUTRAL,True,5,118163,自从心能短缺，工作清闲了下来。地上迸溅的心能少多了！,5.0,总计赢得1000场对战后解锁。,CORE_REV_946,['BATTLECRY'],蒸汽清洁器,MECHANICAL,['MECHANICAL'],RARE,CORE,<b>战吼：</b>摧毁双方玩家牌库中所有套牌之外的牌。,MINION,,,,,,,,,,,,,,,完成教学后解锁。,78079.0,,,,稀有,10.0,9.231275756211538,1.0832738902064758,中立
Mauricio Herrera,1.0,DEATHKNIGHT,True,4,111319,这还得熬多久？熬到死都不算完。,3.0,使用死亡骑士赢得50场对战后解锁。,CORE_RLK_062,"['BATTLECRY', 'TAUNT']",蛛魔护群守卫,UNDEAD,['UNDEAD'],COMMON,CORE,<b>嘲讽</b>。<b>战吼：</b>召唤本随从的两个复制。,MINION,,,,,,,,,,,,,,,与死亡骑士职业一同解锁。,,,,,普通,4.0,7.704556010274983,0.5191733299966284,
Dez Bencosme,2.0,DEATHKNIGHT,True,2,111320,就让她来帮你！重塑！形体！,3.0,使用死亡骑士赢得100场对战后解锁。,CORE_RLK_066,['BATTLECRY'],鲜血魔术师,,,RARE,CORE,<b>战吼：</b>消耗一份<b>残骸</b>，<b>发现</b>一张鲜血符文牌。,MINION,,['DISCOVER'],,,"{'blood': 1, 'frost': 0, 'unholy': 0}",,,,,,,,,,与死亡骑士职业一同解锁。,,,,,稀有,5.0,4.651116518401871,1.0750106947907652,
Ramzy Kamen,2.0,DEATHKNIGHT,True,2,117027,死亡本就是冰冷的，朋友……放松，躺好，别的什么都不用做。,3.0,使用死亡骑士赢得100场对战后解锁。,CORE_RLK_083,['TRIGGER_VISUAL'],死亡寒冰,ELEMENTAL,['ELEMENTAL'],RARE,CORE,在你施放一个法术后，随机对两个敌人造成1点伤害。,MINION,,,,,"{'blood': 0, 'frost': 2, 'unholy': 0}",,,,,,,,,,与死亡骑士职业一同解锁。,78649.0,,,,稀有,5.0,4.651116518401871,1.0750106947907652,
Konstantin Porubov,2.0,DEATHKNIGHT,True,2,111328,头衔里带一个师字，头发里全都是虱子。,3.0,使用死亡骑士赢得50场对战后解锁。,CORE_RLK_116,['BATTLECRY'],死灵殡葬师,,,COMMON,CORE,<b>战吼：</b>如果在你的上回合之后有友方亡灵死亡，<b>发现</b>一张邪恶符文牌。,MINION,,['DISCOVER'],,,"{'blood': 0, 'frost': 0, 'unholy': 1}",,,,,,,,,,与死亡骑士职业一同解锁。,,,,,普通,5.0,4.651116518401871,1.0750106947907652,
Grafit,2.0,DEATHKNIGHT,True,3,111318,“我看到了死人。很多很多死人。”,4.0,使用死亡骑士赢得50场对战后解锁。,CORE_RLK_121,['TRIGGER_VISUAL'],死亡侍僧,,,COMMON,CORE,在一个友方亡灵死亡后，抽一张牌。,MINION,,,,,,,,,,,,,,,与死亡骑士职业一同解锁。,,,,,普通,6.0,6.177836264338427,0.9712138268595775,
Anzka Nguyen,5.0,DEATHKNIGHT,True,6,111323,还能帮你补钙，足足1000毫克。,5.0,使用死亡骑士赢得100场对战后解锁。,CORE_RLK_505,['BATTLECRY'],髓骨使御者,UNDEAD,['UNDEAD'],RARE,CORE,<b>战吼：</b>消耗最多5份<b>残骸</b>。每消耗一份残骸，随机对一个敌人造成2点伤害。,MINION,,,,,"{'blood': 0, 'frost': 2, 'unholy': 0}",,,,,,,,,,与死亡骑士职业一同解锁。,,,,,稀有,10.0,10.757995502148095,0.9295411954767278,
Grafit,8.0,DEATHKNIGHT,True,8,128334,炉石也有合作指挥官了？终于来了！,8.0,使用死亡骑士赢得100场对战后解锁。,CORE_RLK_506,"['BATTLECRY', 'TAUNT']",白骨卫士指挥官,UNDEAD,['UNDEAD'],RARE,CORE,<b>嘲讽</b>。<b>战吼：</b>将最多6份<b>残骸</b>复活为1/3并具有<b>嘲讽</b>的复活的步兵。,MINION,,,,,"{'blood': 1, 'frost': 0, 'unholy': 0}",,,,,,,,,,与死亡骑士职业一同解锁。,80830.0,,,,稀有,16.0,13.811434994021205,1.1584603632371435,
L. Lullabi & K. Turovec,6.0,DRUID,True,7,129171,“都看好了，我是地底虫王！我一直在你们下面，可是没人在我下面！我现在对和平与幸福宣战。要不了多久，一切都会在我面前颤抖！”,6.0,使用德鲁伊赢得250场对战后解锁。,CORE_RLK_657,"['BATTLECRY', 'DEATHRATTLE', 'RUSH']",地底虫王,UNDEAD,['UNDEAD'],EPIC,CORE,<b>突袭</b>。<b>战吼，亡语：</b>获得6点护甲值。,MINION,,,,,,,,,,,,,,,与德鲁伊职业一同解锁。,85052.0,,,,史诗,12.0,12.284715248084652,0.9768236184286776,德鲁伊
Ivan Fomin,7.0,DEATHKNIGHT,True,7,127536,莫格莱尼，莫得问题。,7.0,使用死亡骑士赢得500场对战后解锁。,CORE_RLK_706,['BATTLECRY'],亚历山德罗斯·莫格莱尼,UNDEAD,['UNDEAD'],LEGENDARY,CORE,<b>战吼：</b>在本局对战的剩余时间内，在你的回合结束时，对你的对手造成3点伤害。,MINION,,,,True,"{'blood': 3, 'frost': 0, 'unholy': 0}",,,,,,,,,,与死亡骑士职业一同解锁。,80644.0,,,,传说,14.0,12.284715248084652,1.1396275548334573,
Richie Marella,2.0,DEATHKNIGHT,True,4,120876,战痘力爆表。,4.0,使用死亡骑士赢得50场对战后解锁。,CORE_RLK_745,"['REBORN', 'TRIGGER_VISUAL']",恶毒恐魔,UNDEAD,['UNDEAD'],COMMON,CORE,"<b>复生</b>。
在你的回合结束时，消耗4份<b>残骸</b>，召唤一个本随从的复制。",MINION,,,,,,,,,,,,,,,与死亡骑士职业一同解锁。,82073.0,,,,普通,6.0,7.704556010274983,0.7787599949949425,
A.J. Nazzaro,1.0,PRIEST,True,1,129166,“我纯粹只是觉得它纯粹。”,2.0,使用牧师赢得50场对战后解锁。,CORE_RLK_814,['BATTLECRY'],异教水晶工匠,,,COMMON,CORE,<b>战吼：</b>如果你的手牌中有暗影法术牌，获得+1/+1。,MINION,,,,,,,,,,,,,,,与牧师职业一同解锁。,84204.0,,,,普通,3.0,3.1243967724653157,0.9601853472767609,牧师
Alex Horley Orlandelli,5.0,WARLOCK,True,8,129850,一个恶魔努力，全员共享成绩。,5.0,使用术士赢得500场对战后解锁。,CORE_SCH_181,['BATTLECRY'],高阶女巫维洛,,,LEGENDARY,CORE,<b>战吼：</b>随机从你的手牌和牌库中召唤一个恶魔。,MINION,,,,True,,,,,,,,,,,与术士职业一同解锁。,59252.0,,,,传说,10.0,13.811434994021205,0.7240377270232147,术士
James Ryman,4.0,NEUTRAL,True,5,129176,"“湖里有个怪物？！”
“那不是怪物，那是龙哥。”",6.0,总计赢得500场对战后解锁。,CORE_SCH_605,,止水湖蛇颈龙,BEAST,['BEAST'],COMMON,CORE,同时对其攻击目标相邻的随从造成伤害。,MINION,,,,,,,,,,,,,,,完成教学后解锁。,59452.0,,,,普通,10.0,9.231275756211538,1.0832738902064758,中立
Matt Dixon,3.0,NEUTRAL,True,2,102224,新手牧师，让对手无法可施。,2.0,总计赢得1000场对战后解锁。,CORE_SCH_713,['BATTLECRY'],异教低阶牧师,,,RARE,CORE,<b>战吼：</b>下个回合你的对手法术的法力值消耗增加（1）点。,MINION,,,,,,,,,,,,,,,完成教学后解锁。,,,,,稀有,5.0,4.651116518401871,1.0750106947907652,中立
Rafael Zanchetin,6.0,NEUTRAL,True,7,128337,成为钥匙专家的关键：多准备复制品。,8.0,总计赢得5000场对战后解锁。,CORE_SCH_717,['TRIGGER_VISUAL'],钥匙专家阿拉巴斯特,,,LEGENDARY,CORE,每当你的对手抽一张牌时，将一张复制置入你的手牌，其法力值消耗变为（1）点。,MINION,,,,True,,,,,,,,,,,完成教学后解锁。,61174.0,,,,传说,14.0,12.284715248084652,1.1396275548334573,中立
James Ryman,5.0,PALADIN,True,6,129847,“我的信仰和勇气，会保护我。而我的荣耀和牺牲，会为我找到继任者。”,5.0,使用圣骑士赢得500场对战后解锁。,CORE_SW_047,"['DIVINE_SHIELD', 'TRIGGER_VISUAL']",大领主弗塔根,,,LEGENDARY,CORE,"<b>圣盾</b>
在一个友方随从失去<b>圣盾</b>后，使你手牌中的一张随从牌获得+5/+5。",MINION,,,,True,,,,,,,,,,,与圣骑士职业一同解锁。,64546.0,,,,传说,10.0,10.757995502148095,0.9295411954767278,圣骑士
Jun Yan & Zhefei Hou,4.0,NEUTRAL,True,4,102222,讲拍卖行刷金的书都在那边。,4.0,总计赢得500场对战后解锁。,CORE_SW_066,"['BATTLECRY', 'TRADEABLE']",王室图书管理员,,,COMMON,CORE,"<b>可交易</b>
<b>战吼：</b><b>沉默</b>一个
随从。",MINION,,['SILENCE'],,,,<b>沉默</b>一个随从。,,,,,,,,,完成教学后解锁。,,,,,普通,8.0,7.704556010274983,1.0383466599932567,中立
Nicola Saviori,8.0,NEUTRAL,True,8,120577,他不是因为邪能才变得暴躁，而是因为鼻子痒没法抓。,8.0,总计赢得500场对战后解锁。,CORE_SW_068,"['DEATHRATTLE', 'TAUNT']",莫尔葛熔魔,DEMON,"['MECHANICAL', 'DEMON']",COMMON,CORE,<b>嘲讽</b>，<b>亡语：</b>获得8点护甲值。,MINION,,,,,,,,,,,,,,,完成教学后解锁。,64716.0,,,,普通,16.0,13.811434994021205,1.1584603632371435,中立
Zhefei Hou,3.0,NEUTRAL,True,3,102221,这也是剧毒，针对武器的剧毒。,4.0,总计赢得500场对战后解锁。,CORE_SW_072,"['BATTLECRY', 'TRADEABLE']",锈烂蝰蛇,BEAST,['BEAST'],COMMON,CORE,"<b>可交易</b>
<b>战吼：</b>摧毁对手的武器。",MINION,,,,,,,,,,,,,,,完成教学后解锁。,,,,,普通,7.0,6.177836264338427,1.1330827980028404,中立
Matt Dixon,2.0,DRUID,True,1,120393,别看它们现在萌萌的，等你听到野蛮咆哮，就晚了。,1.0,使用德鲁伊赢得100场对战后解锁。,CORE_SW_439,['DEATHRATTLE'],活泼的松鼠,BEAST,['BEAST'],RARE,CORE,<b>亡语：</b>将四张橡果洗入你的牌库。当抽到橡果时，召唤一只2/1的松鼠。,MINION,,,,,,,,,,,,,,,与德鲁伊职业一同解锁。,64388.0,,,,稀有,3.0,3.1243967724653157,0.9601853472767609,德鲁伊
Jesper Ejsing,2.0,DRUID,True,2,126889,部族聚餐时尤其野蛮。,3.0,使用德鲁伊赢得50场对战后解锁。,CORE_TRL_240,['BATTLECRY'],野蛮先锋,,,COMMON,CORE,<b>战吼：</b>对一个敌方随从造成等同于你的英雄攻击力的伤害。,MINION,,,,,,造成等同于英雄攻击力的伤害。,,,,,,,,,与德鲁伊职业一同解锁。,49984.0,,,,普通,5.0,4.651116518401871,1.0750106947907652,德鲁伊
Konstantin Turovec,4.0,SHAMAN,True,6,87920,卡格瓦纪念朋友和吞噬敌人的方式是一样的，吃到肚里没人分得清。,6.0,使用萨满祭司赢得500场对战后解锁。,CORE_TRL_345,['BATTLECRY'],卡格瓦，青蛙之神,BEAST,['BEAST'],LEGENDARY,CORE,<b>战吼：</b>将你上回合使用的所有法术牌移回你的手牌。,MINION,,,,True,,,,,,,,,,,与萨满祭司职业一同解锁。,,,,,传说,10.0,10.757995502148095,0.9295411954767278,萨满
Arthur Bozonnet,4.0,HUNTER,True,4,126891,山猫种群的强度取决于最弱的那一只。,2.0,使用猎人赢得500场对战后解锁。,CORE_TRL_900,['BATTLECRY'],哈尔拉兹，山猫之神,BEAST,['BEAST'],LEGENDARY,CORE,<b>突袭</b>。<b>战吼：</b>用1/1并具有<b>突袭</b>的山猫填满你的手牌。,MINION,,['RUSH'],,True,,,,,,,,,,,与猎人职业一同解锁。,50659.0,,,,传说,6.0,7.704556010274983,0.7787599949949425,猎人
Konstantin Turovec,3.0,DEMONHUNTER,True,4,127589,其实他们都被骗了。因为还有一个艾瑞达欺诈者。,5.0,使用恶魔猎手赢得50场对战后解锁。,CORE_TTN_843,['TRIGGER_VISUAL'],艾瑞达欺诈者,DEMON,['DEMON'],COMMON,CORE,每当你抽一张牌时，召唤一个1/1并具有<b>突袭</b>的恶魔。,MINION,,['RUSH'],,,,,,,,,,,,,与恶魔猎手职业一同解锁。,97479.0,,,,普通,8.0,7.704556010274983,1.0383466599932567,恶魔猎手
Konstantin Turovec,4.0,DEMONHUNTER,True,7,129169,游戏内禁止养恐魔。,10.0,使用恶魔猎手赢得250场对战后解锁。,CORE_TTN_866,"['LIFESTEAL', 'TRIGGER_VISUAL']",神秘恐魔,DEMON,"['DEMON', 'BEAST']",EPIC,CORE,<b>吸血</b>。在你的回合结束时，迫使所有敌方随从攻击本随从。,MINION,,,,,,,,,,,,,,,与恶魔猎手职业一同解锁。,98469.0,,,,史诗,14.0,12.284715248084652,1.1396275548334573,恶魔猎手
L. Lullabi & K. Turovec,1.0,DRUID,True,2,129170,你的水晶从哪来，我不关心；我的水晶从哪来，你也别问。,4.0,使用德鲁伊赢得250场对战后解锁。,CORE_ULD_133,['TRIGGER_VISUAL'],水晶商人,,,EPIC,CORE,在你的回合结束时，如果你有未使用的法力水晶，抽一张牌。,MINION,,,,,,,,,,,,,,,与德鲁伊职业一同解锁。,53545.0,,,,史诗,5.0,4.651116518401871,1.0750106947907652,德鲁伊
Nicola Saviori,7.0,WARLOCK,True,6,129221,以血还血！只不过还在了你身上……,5.0,使用术士赢得250场对战后解锁。,CORE_ULD_165,['BATTLECRY'],裂隙屠夫,DEMON,['DEMON'],EPIC,CORE,"<b>战吼：</b>消灭一个随从。你的英雄受到等同于该随从生命值的
伤害。",MINION,,,,,,消灭一个随从。,,,,,,,,,与术士职业一同解锁。,53887.0,,,,史诗,12.0,10.757995502148095,1.1154494345720734,术士
Alex Horley Orlandelli,7.0,NEUTRAL,True,7,111464,<b>嘲讽， 嘲讽。</b>,7.0,总计赢得5000场对战后解锁。,CORE_ULD_178,['BATTLECRY'],希亚玛特,ELEMENTAL,['ELEMENTAL'],LEGENDARY,CORE,<b>战吼：</b>从<b>突袭，嘲讽，圣盾</b>或<b>风怒</b>中获得两种效果<i>（由你选择）</i>。,MINION,,"['DIVINE_SHIELD', 'RUSH', 'TAUNT', 'WINDFURY']",,True,,,,,,,,,,,完成教学后解锁。,,,,,传说,14.0,12.284715248084652,1.1396275548334573,中立
Rafael Zanchetin,1.0,NEUTRAL,True,1,76318,放心吧！水，食物，帐篷，都带好了！还有被诅咒的猴爪！,2.0,总计赢得500场对战后解锁。,CORE_ULD_191,['BATTLECRY'],欢快的同伴,,,COMMON,CORE,<b>战吼：</b>使一个友方随从获得+2生命值。,MINION,,,,,,获得+2生命值。,,,,,,,,,完成教学后解锁。,,,,,普通,3.0,3.1243967724653157,0.9601853472767609,中立
L. Lullabi & K. Turovec,2.0,NEUTRAL,True,2,86552,贼来十步乃呼我！,6.0,总计赢得500场对战后解锁。,CORE_ULD_271,"['BATTLECRY', 'TAUNT']",受伤的托维尔人,,,COMMON,CORE,<b>嘲讽</b>。<b>战吼：</b>对本随从造成3点伤害。,MINION,,,,,,,,,,,,,,,完成教学后解锁。,,,,,普通,8.0,4.651116518401871,1.7200171116652243,中立
David Kegg,4.0,ROGUE,True,4,129343,“喏，你随从掉了。”,4.0,使用潜行者赢得100场对战后解锁。,CORE_ULD_280,['DEATHRATTLE'],沙赫柯特工兵,PIRATE,['PIRATE'],RARE,CORE,"<b>亡语：</b>随机将一个敌方随从移回对手的
手牌。",MINION,,,,,,,,,,,,,,,与潜行者职业一同解锁。,54011.0,,,,稀有,8.0,7.704556010274983,1.0383466599932567,潜行者
Matt Dixon,1.0,NEUTRAL,True,1,102228,与其他木乃伊不同，人们把他和米饭、黄瓜条卷在了一起，还刷了一点酱油。,1.0,总计赢得500场对战后解锁。,CORE_ULD_723,['REBORN'],鱼人木乃伊,MURLOC,"['UNDEAD', 'MURLOC']",COMMON,CORE,<b>复生</b>,MINION,,,,,,,,,,,,,,,完成教学后解锁。,,,,,普通,2.0,3.1243967724653157,0.6401235648511739,中立
Mark Gibbons,1.0,NEUTRAL,True,3,112923,它最厉害的武器并非手中的剑盾，而是极尽讽刺挖苦之能事的嘴。,5.0,总计赢得1000场对战后解锁。,Core_UNG_072,"['BATTLECRY', 'DISCOVER', 'TAUNT']",石丘防御者,,,RARE,CORE,"<b>嘲讽</b>，<b>战吼：</b>
<b>发现</b>一张具有<b>嘲讽</b>的随从牌。",MINION,,,,,,,,,,,,,,,完成教学后解锁。,,,,,稀有,6.0,6.177836264338427,0.9712138268595775,中立
Dan Scott,3.0,NEUTRAL,True,4,120523,凤凰本非凡俗鸟，浴火重生凌云霄。,4.0,总计赢得500场对战后解锁。,CORE_UNG_084,['BATTLECRY'],火羽凤凰,ELEMENTAL,"['ELEMENTAL', 'BEAST']",COMMON,CORE,<b>战吼：</b>造成3点伤害。,MINION,,,,,,造成3点伤害。,,,,,,,,,完成教学后解锁。,41260.0,,,,普通,7.0,7.704556010274983,0.9085533274940997,中立
Paul Mafayon,2.0,NEUTRAL,True,1,102227,最爱榴莲味！,1.0,总计赢得500场对战后解锁。,CORE_UNG_205,['BATTLECRY'],冰川裂片,ELEMENTAL,['ELEMENTAL'],COMMON,CORE,"<b>战吼：</b>
<b>冻结</b>一个敌人。",MINION,,['FREEZE'],,,,冻结一个敌人。,,,,,,,,,完成教学后解锁。,,,,,普通,3.0,3.1243967724653157,0.9601853472767609,中立
Evgeniy Dlinnov,1.0,NEUTRAL,True,1,111469,拿着空瓶的孩子们，是他们的天敌。,2.0,总计赢得500场对战后解锁。,CORE_UNG_809,['BATTLECRY'],火羽精灵,ELEMENTAL,['ELEMENTAL'],COMMON,CORE,<b>战吼：</b>将一张1/2的元素牌置入你的手牌。,MINION,,,,,,,,,,,,ALLIANCE,,,完成教学后解锁。,,,,,普通,3.0,3.1243967724653157,0.9601853472767609,中立
Mike Sass,4.0,NEUTRAL,True,8,76327,它的一副公鸭嗓让自己在族群里独树一帜。,8.0,总计赢得2500场对战后解锁。,CORE_UNG_848,"['BATTLECRY', 'TAUNT']",始生幼龙,DRAGON,['DRAGON'],EPIC,CORE,"<b>嘲讽，战吼：</b>
对所有其他随从造成2点伤害。",MINION,,,,,,,,,,,,,,,完成教学后解锁。,,,,,史诗,12.0,13.811434994021205,0.8688452724278576,中立
James Ryman,1.0,HUNTER,True,1,97376,地精珠宝商慕名而来，失望而归…,2.0,使用猎人赢得50场对战后解锁。,CORE_UNG_912,['BATTLECRY'],宝石鹦鹉,BEAST,['BEAST'],COMMON,CORE,<b>战吼：</b>随机将一张野兽牌置入你的手牌。,MINION,,,,,,,,,,,,,,,与猎人职业一同解锁。,,,,,普通,3.0,3.1243967724653157,0.9601853472767609,猎人
Jim Nelson,1.0,NEUTRAL,True,3,76319,它爬过的地方，路都出奇地好走。,5.0,总计赢得500场对战后解锁。,CORE_UNG_928,['TAUNT'],焦油爬行者,ELEMENTAL,['ELEMENTAL'],COMMON,CORE,"<b>嘲讽</b>
在你对手的回合拥有+2攻击力。",MINION,,,,,,,,,,,,,,,完成教学后解锁。,,,,,普通,6.0,6.177836264338427,0.9712138268595775,中立
Samche Chen,1.0,SHAMAN,True,1,120881,不要再嚎了，汽大伤身。,3.0,使用萨满祭司赢得50场对战后解锁。,CORE_WC_042,['TRIGGER_VISUAL'],哀嚎蒸汽,ELEMENTAL,['ELEMENTAL'],COMMON,CORE,在你使用一张元素牌后，获得+1攻击力。,MINION,,,,,,,,,,,,,,,与萨满祭司职业一同解锁。,63073.0,,True,,普通,4.0,3.1243967724653157,1.2802471297023479,萨满
Melvin Chan,3.0,DEMONHUNTER,True,3,117030,亡语响起，陷入危险的却是<b>你</b>。,2.0,使用恶魔猎手赢得50场对战后解锁。,CORE_WC_701,"['DEATHRATTLE', 'RUSH']",邪能响尾蛇,BEAST,['BEAST'],COMMON,CORE,"<b>突袭</b>，<b>亡语：</b>对所有敌方随从造成
1点伤害。",MINION,,,,,,,,,,,,,,,与恶魔猎手职业一同解锁。,63407.0,,True,,普通,5.0,6.177836264338427,0.8093448557163146,恶魔猎手
George Davis,2.0,WARLOCK,True,2,120467,快来瞧瞧这台空气净化器，它的功能如此强大，连你的灵魂都能净化！,3.0,使用术士赢得50场对战后解锁。,CORE_WON_096,"['BATTLECRY', 'DISCOVER']",黑市摊贩,UNDEAD,['UNDEAD'],COMMON,CORE,"<b>战吼：发现</b>一张
法力值消耗为（1）的卡牌。",MINION,,,,,,,,,,,,,,,与术士职业一同解锁。,102639.0,,,,普通,5.0,4.651116518401871,1.0750106947907652,术士
Ludo Lullabi & C. Luechaiwattasopon,3.0,NEUTRAL,True,3,120352,和他家的老壶像是一个模子扣出来的。,3.0,总计赢得500场对战后解锁。,CORE_WON_141,['BATTLECRY'],展馆茶杯,,,COMMON,CORE,<b>战吼：</b>随机使三个不同类型的友方随从获得+1/+1。,MINION,,,,,,,,,,,,,,,完成教学后解锁。,102687.0,,,,普通,6.0,6.177836264338427,0.9712138268595775,中立
Mooncolony,5.0,NEUTRAL,True,9,127595,下面向您隆重介绍——移动版炉石！,5.0,总计赢得5000场对战后解锁。,CORE_WON_145,['BATTLECRY'],具象炉石,,,LEGENDARY,CORE,<b>战吼：</b>打开一包标准卡牌包，使用其中的所有卡牌。,MINION,,,,True,,,,,,,,,,,完成教学后解锁。,102691.0,,,,传说,10.0,15.338154739957762,0.6519689082252366,中立
Paul Mafayon,1.0,NEUTRAL,True,1,127089,看在你块头比我大的份上，今天暂且放过你！,2.0,总计赢得1000场对战后解锁。,CORE_WON_351,,蹩脚海盗,PIRATE,['PIRATE'],RARE,CORE,"如果你装备着武器，本随从拥有
+2攻击力。",MINION,,,,,,,,,,,,,,,完成教学后解锁。,106467.0,,,,稀有,3.0,3.1243967724653157,0.9601853472767609,中立
Luca Zontini,3.0,WARRIOR,True,4,127469,就为了扔这么一捆炸药，你至于穿这么大一身机甲吗？,4.0,使用战士赢得50场对战后解锁。,CORE_WW_329,"['BATTLECRY', 'TAUNT']",机甲爆王,MECHANICAL,['MECHANICAL'],COMMON,CORE,<b>嘲讽</b>。<b>战吼：</b>使你手牌中的<b>嘲讽</b>随从牌获得+2/+2。,MINION,,,,,,,,,,,,,,,与战士职业一同解锁。,100062.0,,,,普通,7.0,7.704556010274983,0.9085533274940997,战士
Mike Sass,2.0,WARLOCK,True,1,117061,当仆从只是邪魔的爱好，主人是谁无所谓。,1.0,使用术士赢得50场对战后解锁。,CORE_YOD_026,['DEATHRATTLE'],邪魔仆从,DEMON,['DEMON'],COMMON,CORE,<b>亡语：</b>随机使一个友方随从获得本随从的攻击力。,MINION,,,,,,,,,,,,,,,与术士职业一同解锁。,56112.0,1.0,,,普通,3.0,3.1243967724653157,0.9601853472767609,术士
Andrew Hou,10.0,NEUTRAL,True,10,121240,距离艾泽拉斯联赛的上一次事故已经过去整整5分钟了。,10.0,总计赢得1000场对战后解锁。,CORE_YOP_034,['TRIGGER_VISUAL'],窜逃的黑翼龙,DRAGON,['DRAGON'],RARE,CORE,在你的回合结束时，随机对一个敌方随从造成10点伤害。,MINION,,,,,,,,,,,,,,,完成教学后解锁。,61972.0,,True,,稀有,20.0,16.86487448589432,1.1858967593697707,中立
Eric Braddock,3.0,SHAMAN,True,1,62442,学徒做错了什么？,2.0,使用萨满祭司赢得50场对战后解锁。,CS3_007,"['OVERLOAD', 'SPELLPOWER']",电击学徒,,,COMMON,CORE,"<b>法术伤害+1</b>
<b>过载：</b>（1）",MINION,,,,,,,,,,,,,1.0,1.0,与萨满祭司职业一同解锁。,,,,,普通,5.0,3.1243967724653157,1.6003089121279348,萨满
James Ryman,8.0,DEMONHUNTER,True,8,66176,摄人的恐惧，大大的眼睛，无情的效率，还有对英雄那近乎狂热的献身精神，这些都是他的武器。还有这件上好的棕色长袍。,8.0,使用恶魔猎手赢得100场对战后解锁。,CS3_020,"['RUSH', 'TRIGGER_VISUAL']",伊利达雷审判官,DEMON,['DEMON'],RARE,CORE,"<b>突袭</b>
在你的英雄攻击一个敌人后，本随从也会攻击该敌人。",MINION,,,,,,,,,,,,,,,与恶魔猎手职业一同解锁。,,,,,稀有,16.0,13.811434994021205,1.1584603632371435,恶魔猎手
David Kegg,2.0,NEUTRAL,True,2,66854,穿搭廉价，省下的钱都用在了武器上。,2.0,总计赢得1000场对战后解锁。,CS3_022,['BATTLECRY'],雾帆劫掠者,PIRATE,['PIRATE'],RARE,CORE,<b>战吼：</b>如果你装备着武器，造成2点伤害。,MINION,,,,,,造成2点伤害。,,,,,,,,,完成教学后解锁。,,,,,稀有,4.0,4.651116518401871,0.8600085558326122,中立
Steven Prescott,3.0,NEUTRAL,True,5,66856,泰兰和血色十字军一同度过了人生中的多数时光，最终发现，这伙人也许算不上好人。,3.0,总计赢得5000场对战后解锁。,CS3_024,"['DEATHRATTLE', 'DIVINE_SHIELD', 'TAUNT']",泰兰·弗丁,,,LEGENDARY,CORE,"<b>嘲讽</b>，<b>圣盾</b>
<b>亡语：</b>抽取你的法力值消耗最高的
随从牌。",MINION,,,,True,,,,,,,,,,,完成教学后解锁。,,,,,传说,6.0,9.231275756211538,0.6499643341238855,中立
Trent Kaniuga,3.0,NEUTRAL,True,5,66858,扶助每一个盟友，痛击每一个对手。,6.0,总计赢得5000场对战后解锁。,CS3_025,"['RUSH', 'TRIGGER_VISUAL']",伦萨克大王,,,LEGENDARY,CORE,"<b>突袭</b>
每当本随从攻击时，使你手牌中的所有随从牌获得+1/+1。",MINION,,,,True,,,,,,,,,,,完成教学后解锁。,,,,,传说,9.0,9.231275756211538,0.9749465011858283,中立
Zoltan Boros,8.0,NEUTRAL,True,7,66870,享受快节奏的生活吧（如果你的对手也愿意的话）。,8.0,总计赢得5000场对战后解锁。,CS3_035,['START_OF_GAME_KEYWORD'],永恒者诺兹多姆,DRAGON,['DRAGON'],LEGENDARY,CORE,<b>对战开始时：</b>如果双方玩家的套牌中都有这张随从牌，则每个回合只有15秒。,MINION,,,,True,,,,,,,,,,,完成教学后解锁。,,,,,传说,16.0,12.284715248084652,1.3024314912382369,中立
Slawomir Maniak,3.0,NEUTRAL,True,2,72250,一条鱼，两条鱼，蓝鱼退场变红鱼。,1.0,总计赢得500场对战后解锁。,CS3_038,['RUSH'],红鳃锋颚战士,MURLOC,['MURLOC'],COMMON,CORE,<b>突袭</b>,MINION,,,,,,,,,,,,,,,完成教学后解锁。,,,,,普通,4.0,4.651116518401871,0.8600085558326122,中立
Todd Harris,0.0,DRUID,True,2,118490,没想到吧，长颈龙幼体不叫短颈龙。,2.0,,DINO_130,['DEATHRATTLE'],长颈龙蛋,,,COMMON,THE_LOST_CITY,<b>亡语：</b>召唤一只3/3的野兽。使你的随从获得+1/+1。,MINION,,,,,,,,,,,,,,,,,,True,,普通,2.0,4.651116518401871,0.4300042779163061,德鲁伊
James Ryman,2.0,WARLOCK,True,5,118494,不知道是什么附了我的身，我开始画起了恐龙，根本停不下来！,2.0,,DINO_131,['DEATHRATTLE'],着魔的动物术师,,,RARE,THE_LOST_CITY,<b>亡语：</b>随机从你的牌库中召唤一只野兽。使其获得<b>吸血</b>。,MINION,,['LIFESTEAL'],,,,,,,,,,,,,,,,True,,稀有,4.0,9.231275756211538,0.43330955608259036,术士
Mike Sass,6.0,WARLOCK,True,8,118497,始祖龟医生提示您：不惜一切代价避免窒息。,12.0,,DINO_132,"['TAUNT', 'TRIGGER_VISUAL']",绝息剑龙,BEAST,"['DEMON', 'BEAST']",RARE,THE_LOST_CITY,<b>嘲讽</b>。在你的回合结束时，随机对一个敌方随从造成5点伤害。,MINION,,,,,,,,,,,,,,,,,,True,,稀有,18.0,13.811434994021205,1.3032679086417864,术士
Ramzy Kamen,4.0,DEMONHUNTER,True,3,118505,“弱弱地问一句，这个职位为什么空出来了？”,2.0,,DINO_137,['BATTLECRY'],灵敏的厨师,,,COMMON,THE_LOST_CITY,"<b>战吼：</b>
使相邻手牌的法力值消耗减少（1）点。",MINION,,,,,,,,,,,,,,,,,,True,,普通,6.0,6.177836264338427,0.9712138268595775,恶魔猎手
Max Grecke,6.0,DEMONHUNTER,True,6,118507,脑袋大大的……爪子小小的。,5.0,,DINO_138,,魔神暴龙,BEAST,"['DEMON', 'BEAST']",RARE,THE_LOST_CITY,<b>延系：</b>对你的对手最左边和最右边的随从造成6点伤害。,MINION,,,,,,,,,,,,,,,,,,True,,稀有,11.0,10.757995502148095,1.0224953150244005,恶魔猎手
Bima Kusuma,4.0,WARRIOR,True,3,118403,这个就叫做反应装甲。,3.0,,DINO_400,['TRIGGER_VISUAL'],怒袭甲龙,BEAST,['BEAST'],RARE,THE_LOST_CITY,每当你获得护甲值，获得+2/+2并随机攻击一个敌方随从。,MINION,,,,,,,,,,,,,,,,,,True,,稀有,7.0,6.177836264338427,1.1330827980028404,战士
Mike Sass,5.0,WARRIOR,True,8,118404,你们满脑子想着能不能这么做，却没有停下来想想该不该这么做。,12.0,,DINO_401,"['RUSH', 'TRIGGER_VISUAL']",伟岸的德拉克雷斯,BEAST,"['BEAST', 'DRAGON']",LEGENDARY,THE_LOST_CITY,<b>突袭</b>。在本随从攻击一个敌方随从后，还会对所有其他敌方随从造成伤害。,MINION,,,,True,,,,,,True,,,,,,,,True,,传说,17.0,13.811434994021205,1.230864135939465,战士
Felideus Bubastis,3.0,PALADIN,True,2,118410,水里火里空气里，全都能呼吸。,2.0,,DINO_404,,火鳃鱼人,MURLOC,"['ELEMENTAL', 'MURLOC']",COMMON,THE_LOST_CITY,<b>延系：</b>使你的其他随从获得<b>突袭</b>。,MINION,,['RUSH'],,,,,,,,,,,,,,,,True,,普通,5.0,4.651116518401871,1.0750106947907652,圣骑士
Ivo Campelo da Silva,3.0,ROGUE,True,3,118481,每次孵化仪典时，米尔雷斯都会从洞穴中探身而出。如果光线没能映在它镜面般的鳞片上，那说明火山喷发还会持续6个星期。,4.0,,DINO_407,,米尔雷斯，晶化镜甲龙,BEAST,"['ELEMENTAL', 'BEAST']",LEGENDARY,THE_LOST_CITY,此牌在你的手牌中时，会变成你的对手使用的上一张随从牌的3/4的复制。,MINION,,,,True,,,,,,,,,,,,,,True,,传说,7.0,6.177836264338427,1.1330827980028404,潜行者
Zoltan Boros,3.0,MAGE,True,7,118485,恐龙的假肢行业原本近乎灭绝，直到始祖龟一族来到了这里。,6.0,,DINO_409,['TAUNT'],科技恐龙,BEAST,"['MECHANICAL', 'BEAST']",RARE,THE_LOST_CITY,<b>嘲讽</b>。在本局对战中，你每使用一张你的套牌之外的卡牌，本牌的法力值消耗便减少（1）点。,MINION,,,,,,,,,,,,,,,,,,True,,稀有,9.0,12.284715248084652,0.7326177138215082,法师
Vlad Botos,0.0,NEUTRAL,True,3,118487,千万年来，凯洛斯一直等待着破壳而出。但愿你不用也等那么久。,3.0,,DINO_410,['DEATHRATTLE'],凯洛斯的蛋,,,LEGENDARY,THE_LOST_CITY,<b>亡语：</b>召唤一枚轻微开裂的蛋。<i>（破壳5次即可孵化为一只20/20并具有<b>嘲讽</b>的野兽！）</i>,MINION,,['TAUNT'],,True,,,,,,,,,,,,,,True,,传说,3.0,6.177836264338427,0.48560691342978873,中立
Bima Kusuma,1.0,NEUTRAL,True,2,118496,如果事业不顺，至少还有神圣煎蛋者的职位等着呢！,2.0,,DINO_411,['BATTLECRY'],神圣布蛋者,,,RARE,THE_LOST_CITY,<b>战吼：</b>抽一张攻击力为0的随从牌。,MINION,,,,,,,,,,,,,,,,,,True,,稀有,3.0,4.651116518401871,0.6450064168744591,中立
Studio Hive,0.0,SHAMAN,True,1,118500,要是你把它弄翻了，就要受到7年的厄运诅咒。,3.0,,DINO_412,['TRIGGER_VISUAL'],始祖龟图腾,TOTEM,['TOTEM'],RARE,THE_LOST_CITY,在你的回合结束时，随机获取一张具有多类型的随从牌。,MINION,,,,,,,,,,,,,,,,,,True,,稀有,3.0,3.1243967724653157,0.9601853472767609,萨满
Luca Zontini,3.0,SHAMAN,True,4,118501,我的尾巴都快冻掉了！,4.0,,DINO_413,['BATTLECRY'],冰脊剑龙,BEAST,"['ELEMENTAL', 'BEAST']",RARE,THE_LOST_CITY,<b>战吼：</b>随机对两个敌方随从造成2点伤害。<b>延系：</b>并将其<b>冻结</b>。,MINION,,['FREEZE'],,,,,,,,,,,,,,,,True,,稀有,7.0,7.704556010274983,0.9085533274940997,萨满
Edgar Hidalgo,5.0,DEATHKNIGHT,True,5,118558,啊我活了！啊我死了！啊我在看电视呢！,4.0,,DINO_416,"['RUSH', 'TRIGGER_VISUAL']",空角恐角龙,BEAST,"['UNDEAD', 'BEAST']",RARE,THE_LOST_CITY,<b>突袭</b>。在一个友方随从死亡后，消耗3份<b>残骸</b>以获得<b>复生</b>。,MINION,,['REBORN'],,,,,,,,,,,,,,,,True,,稀有,9.0,9.231275756211538,0.9749465011858283,
Patrik Bjorkstrom,3.0,NEUTRAL,True,3,118563,“下午你的日程全都排满了。必须重排你的食草计划，挤出时间来活动活动。”,2.0,,DINO_419,['BATTLECRY'],饲草助手,,,COMMON,THE_LOST_CITY,<b>战吼：</b>使一只友方野兽获得+2/+2和<b>突袭</b>。,MINION,,['RUSH'],,,,使一只野兽获得+2/+2和<b>突袭</b>。,,,,,,,,,,,,True,,普通,5.0,6.177836264338427,0.8093448557163146,中立
Todd Harris,9.0,DRUID,True,9,118617,地雷？什么地雷？,9.0,,DINO_421,"['DEATHRATTLE', 'ELUSIVE', 'TAUNT']",震地雷龙,BEAST,['BEAST'],RARE,THE_LOST_CITY,"<b>嘲讽</b>。<b>扰魔</b>
<b>亡语：</b>使你的手牌和牌库里的所有随从牌获得+3/+3。",MINION,,,,,,,,,,,,,,,,,,True,,稀有,18.0,15.338154739957762,1.1735440348054258,德鲁伊
Gabor Szikszai,7.0,HUNTER,True,6,118620,低劣的甲龙一般被称为“破甲龙”。,5.0,,DINO_422,"['DEATHRATTLE', 'TAUNT']",甲龙,BEAST,['BEAST'],RARE,THE_LOST_CITY,<b><b>嘲讽</b>。亡语：</b>随机召唤两只法力值消耗为（3）的野兽，并使其攻击随机敌人。,MINION,,,,,,,,,,,,,,,,,,True,,稀有,12.0,10.757995502148095,1.1154494345720734,猎人
BOSi Studio,2.0,ROGUE,True,3,118632,每年秋天，这个始祖龟都会租掉废弃龟壳店。,4.0,,DINO_427,"['BATTLECRY', 'COMBO']",装扮商贩,,,COMMON,THE_LOST_CITY,<b>战吼：</b>随机获取一张另一职业的面具牌。<b>连击：</b>其法力值消耗减少（2）点。,MINION,,,,,,,,,,,,,,,,,,True,,普通,6.0,6.177836264338427,0.9712138268595775,潜行者
Kevin Sidharta,2.0,NEUTRAL,True,7,118653,每年此时，兽语者塔卡都会开启重生之日的节庆活动，以及恐龙的孵化季。在这个节日里，我们纪念逝者，同时欢庆环形山中的新生。,2.0,,DINO_430,"['BATTLECRY', 'DEATHRATTLE', 'DISCOVER']",兽语者塔卡,,,LEGENDARY,THE_LOST_CITY,<b>战吼：</b><b>发现</b>一只任意职业的<b>传说</b>野兽并获得其属性值。<b>亡语：</b>召唤该野兽。,MINION,,,,True,,,,,,True,,,,,,,,True,,传说,4.0,12.284715248084652,0.3256078728095592,中立
Kevin Sidharta,5.0,PRIEST,True,8,118656,举世之重，力擎在肩。,10.0,,DINO_431,"['DEATHRATTLE', 'TAUNT']",擎天雷龙,BEAST,['BEAST'],COMMON,THE_LOST_CITY,<b>嘲讽</b>。<b>亡语：</b>随机召唤一个法力值消耗大于或等于（5）点的<b>嘲讽</b>随从。,MINION,,,,,,,,,,,,,,,,,,True,,普通,15.0,13.811434994021205,1.086056590534822,牧师
Miki Neves,1.0,HUNTER,True,1,118766,太棒了，再给我来14个，快。,1.0,,DINO_434,"['BATTLECRY', 'DEATHRATTLE']",迅猛龙巢护工,,,COMMON,THE_LOST_CITY,<b>战吼：</b>随机获取一张法力值消耗为（1）的随从牌。<b><b>亡语：</b></b>随机获取一张法力值消耗为（1）的法术牌。,MINION,,,,,,,,,,,,,,,,,,True,,普通,2.0,3.1243967724653157,0.6401235648511739,猎人
Matt Dixon,3.0,NEUTRAL,True,5,119695,这就是集体决策设计出的恐龙。,4.0,,DINO_435,,环形山实验体,ALL,['ALL'],EPIC,THE_LOST_CITY,<b>延系：</b>召唤一个本随从的复制。,MINION,,,,,,,,,,,,,,,,,,True,,史诗,7.0,9.231275756211538,0.7582917231445331,中立
Mooncolony,4.0,NEUTRAL,True,9,113321,原名耶瑟拉，好耶的耶。,12.0,,EDR_000,"['BATTLECRY', 'START_OF_GAME_KEYWORD']",伊瑟拉，翡翠守护巨龙,DRAGON,['DRAGON'],LEGENDARY,EMERALD_DREAM,<b>对战开始时：</b>双方玩家的法力值上限提高5点。<b>战吼：</b>获得3个法力水晶。,MINION,,,,True,,,,,,True,,,,,打开<i>漫游翡翠梦境</i>卡牌包后可解锁。,,,,,传说,16.0,15.338154739957762,1.0431502531603787,中立
Timur Shevtsov,3.0,NEUTRAL,True,3,113328,“希望这条小龙长大之后不要吃掉我。”,3.0,,EDR_001,['BATTLECRY'],满怀希望的树妖,,,RARE,EMERALD_DREAM,<b>战吼：</b>随机获取一张梦境牌。,MINION,,,,,,,,,,,,,,,,,,,,稀有,6.0,6.177836264338427,0.9712138268595775,中立
Jason Kang,4.0,HUNTER,True,5,113371,至少卡牌边框是茏葱的绿色。,7.0,,EDR_014,['BATTLECRY'],茏葱梦刃豹,BEAST,['BEAST'],EPIC,EMERALD_DREAM,<b>战吼：</b>如果本牌的法力值消耗小于或等于（3）点，随机攻击两个敌方随从。,MINION,,,,,,,,,,,,,,,,,,,,史诗,11.0,9.231275756211538,1.1916012792271236,猎人
Alex Stone,5.0,SHAMAN,True,9,113434,欧恩哈拉的风之力深受牛头人和半人马的崇拜，惠泽甚广，延续至今。,11.0,,EDR_031,['TRIGGER_VISUAL'],欧恩哈拉,BEAST,['BEAST'],LEGENDARY,EMERALD_DREAM,在你的回合结束时，使用你牌库顶的3张牌。,MINION,,,,True,,,,,,,,,,,,,,,,传说,16.0,15.338154739957762,1.0431502531603787,萨满
Allan Arello,5.0,NEUTRAL,True,4,113822,他太坏了，你看你都快红温了。,4.0,可以在<i>漫游翡翠梦境</i>奖励路线中获得该奖励。,EDR_102,"['BATTLECRY', 'DISCOVER']",狡诈拷问者,DEMON,['DEMON'],EPIC,EMERALD_DREAM,"<b>战吼：</b>
<b>发现</b>一张具有<b>黑暗之赐</b>的<b>传说</b>随从牌。",MINION,,,,,,,,,,,,,,,,,,,,史诗,9.0,7.704556010274983,1.1681399924924138,中立
Ian Ameling,1.0,NEUTRAL,True,2,113973,这才叫疯狂！,1.0,打开<i>漫游翡翠梦境</i>金色包后可解锁。,EDR_105,"['BATTLECRY', 'DISCOVER']",疯狂生物,,,COMMON,EMERALD_DREAM,<b>战吼：</b><b>发现</b>一张具有<b>黑暗之赐</b>的法力值消耗为（3）的随从牌。,MINION,,,,,,,,,,,,,,,打开<i>漫游翡翠梦境</i>卡牌包后可解锁。,,,,,普通,2.0,4.651116518401871,0.4300042779163061,中立
Matt Dixon,1.0,NEUTRAL,True,5,115652,不世出的大孢牙。,5.0,可以在<i>漫游翡翠梦境</i>奖励路线中获得该奖励。,EDR_110,"['DEATHRATTLE', 'POISONOUS']",孢子尖牙怪,,,RARE,EMERALD_DREAM,<b>剧毒</b>。<b>亡语：</b>随机对一个敌方随从造成1点伤害。,MINION,,,,,,,,,,,,,,,,,,,,稀有,6.0,9.231275756211538,0.6499643341238855,中立
James Ryman,5.0,DRUID,True,10,113588,是他亲手选择了玛法里奥而非伊利丹，使之成为第一个德鲁伊。此后便有了无休无止的兄弟相争。,8.0,,EDR_209,,森林之王塞纳留斯,,,LEGENDARY,EMERALD_DREAM,<b>选择三次：</b>使你的其他随从获得+1/+3；或者召唤一棵5/5并具有<b>嘲讽</b>的古树。,MINION,,['TAUNT'],,True,,,,,,,,,,,,,,,,传说,13.0,16.86487448589432,0.7708328935903509,德鲁伊
Ivan Fomin,2.0,HUNTER,True,2,114018,“你好呀小家伙！多吃点绿色食品吧，对身体好哦！”,2.0,,EDR_226,['BATTLECRY'],奇异训犬师,,,COMMON,EMERALD_DREAM,"<b>战吼：</b>
抽一张野兽牌。<b>灌注</b>你的英雄技能。",MINION,,['IMBUE'],,,,,,,,,,,,,,,,,,普通,4.0,4.651116518401871,0.8600085558326122,猎人
Patrik Bjorkstrom,5.0,HUNTER,True,4,114020,所谓物以类聚，那么幽爪熊该和谁一起冬眠？,2.0,,EDR_227,"['DEATHRATTLE', 'RUSH']",幽爪熊,BEAST,['BEAST'],RARE,EMERALD_DREAM,<b>突袭</b>。<b>亡语：</b><b>灌注</b>你的英雄技能。,MINION,,['IMBUE'],,,,,,,,,,,,,,,,,,稀有,7.0,7.704556010274983,0.9085533274940997,猎人
Kevin Sidharta,4.0,SHAMAN,True,5,114280,我知道谁能解决这种魔法豆蔓。那可是个行家。,4.0,,EDR_230,['BATTLECRY'],豆蔓蛮兵,ELEMENTAL,['ELEMENTAL'],EPIC,EMERALD_DREAM,<b>战吼：</b>使你牌库中最上方的3张随从牌获得+4/+4。,MINION,,,,,,,,,,,,,,,,,,,,史诗,8.0,9.231275756211538,0.8666191121651807,萨满
James Ryman,4.0,SHAMAN,True,6,114284,绿龙军团并非伊家之天下，向来是能者居首。,4.0,,EDR_238,['BATTLECRY'],麦琳瑟拉,,,LEGENDARY,EMERALD_DREAM,"<b>战吼：</b>复活所有
法力值消耗大于或等于（8）点的不同的友方随从。",MINION,,,,True,,,,,,,,,,,,,,,,传说,8.0,10.757995502148095,0.7436329563813822,萨满
Drew Hill,1.0,NEUTRAL,True,3,114533,你的法术肯定能掀起不小的风浪！,4.0,,EDR_254,['TRIGGER_VISUAL'],活化月亮井,ELEMENTAL,['ELEMENTAL'],COMMON,EMERALD_DREAM,在你施放一个法术后，获得等同于其法力值消耗的攻击力。,MINION,,,,,,,,,,,,,,,,,,,,普通,5.0,6.177836264338427,0.8093448557163146,中立
L. Lullabi & I. Campelo da Silva,3.0,PALADIN,True,4,116674,这是高级的捕梦术。,4.0,,EDR_256,"['BATTLECRY', 'TAUNT']",梦境卫士,DRAGON,['DRAGON'],EPIC,EMERALD_DREAM,<b>嘲讽</b>。<b>战吼：</b>如果你的牌库中有对战开始时不在牌库中的牌，则抽取其中的一张并获得+2/+2。,MINION,,,,,,,,,,,,,,,,,,,,史诗,7.0,7.704556010274983,0.9085533274940997,圣骑士
James Ryman,3.0,PALADIN,True,4,116667,修理一处光源需要多少位圣光抚愈者？,3.0,,EDR_257,"['CHOOSE_ONE', 'TAUNT']",圣光抚愈者,,,COMMON,EMERALD_DREAM,"<b><b>嘲讽</b>。</b><b>抉择：</b>
获得+3攻击力和<b>圣盾</b>；或者获得+3生命值和<b>吸血</b>。",MINION,,"['DIVINE_SHIELD', 'LIFESTEAL']",,,,,,,,,,,,,,,,,,普通,6.0,7.704556010274983,0.7787599949949425,圣骑士
Nicola Saviori,3.0,PALADIN,True,5,114544,托雷斯深谙无敌炉石的精髓。,4.0,,EDR_258,"['AURA', 'DIVINE_SHIELD', 'TAUNT']",坚韧的托雷斯,,,LEGENDARY,EMERALD_DREAM,"<b>圣盾</b>。<b>嘲讽</b>
你的<b><b>圣盾</b></b>承受三次伤害才会破灭。",MINION,,,,True,,,,,,,,,,,,,,,,传说,7.0,9.231275756211538,0.7582917231445331,圣骑士
James Ryman,9.0,PALADIN,True,8,114868,乌索克的孪生兄弟。他们曾经密不可分。直到后来，死亡腐化了乌索克的灵魂，然而乌索尔的灵魂平和如初。,7.0,,EDR_259,['BATTLECRY'],乌索尔,BEAST,['BEAST'],LEGENDARY,EMERALD_DREAM,<b>战吼：</b>将你手牌中法力值消耗最高的法术变为持续3回合的光环并施放。,MINION,,,,True,,,,,,,,,,,,,,,,传说,16.0,13.811434994021205,1.1584603632371435,圣骑士
BOSi Studio,4.0,NEUTRAL,True,4,114884,“什么幻影——没人欢迎你！灭哈哈哈！”——梦魇之王萨维斯,5.0,可以在<i>漫游翡翠梦境</i>奖励路线中获得该奖励。,EDR_260,"['DEATHRATTLE', 'TAUNT']",幻影绿翼龙,DRAGON,['DRAGON'],RARE,EMERALD_DREAM,"<b>嘲讽</b>。<b>亡语：</b>
将两张<b>抽到时召唤</b>的4/5并具有<b>嘲讽</b>的龙洗入你的牌库。",MINION,,,,,,,,,,,,,,,,,,,,稀有,9.0,7.704556010274983,1.1681399924924138,中立
Tee Fuyuan,3.0,DRUID,True,5,115809,无限自然法术bug。,6.0,,EDR_271,['TRIGGER_VISUAL'],林地塑型者,,,EPIC,EMERALD_DREAM,在你施放一个自然法术后，召唤一个2/2并具有“<b>亡语：</b>获取该法术的一张复制”的树人。,MINION,,['DEATHRATTLE'],,,,,,,,,,,,,,,,,,史诗,9.0,9.231275756211538,0.9749465011858283,德鲁伊
Alex Stone,6.0,DRUID,True,6,115873,非常青雄鹿拥有激怒，超杀，以及荣誉消灭。,7.0,,EDR_272,"['ELUSIVE', 'LIFESTEAL', 'TAUNT']",常青雄鹿,BEAST,['BEAST'],COMMON,EMERALD_DREAM,<b>扰魔</b>。<b>吸血</b>。<b>嘲讽</b>,MINION,,,,,,,,,,,,,,,,,,,,普通,13.0,10.757995502148095,1.208403554119746,德鲁伊
James Ryman,6.0,DEMONHUNTER,True,10,113606,在上古之战中，他高深的智识未能幸免，遭受了恶魔邪能魔法的侵蚀。但艾露恩赐予他的祝福尚有遗存。,12.0,,EDR_421,"['DEATHRATTLE', 'RUSH', 'WINDFURY']",年兽,BEAST,"['DEMON', 'BEAST']",LEGENDARY,EMERALD_DREAM,"<b>突袭</b>。<b>风怒</b>
<b>亡语：</b>对所有敌人造成1点伤害。<i>（在本随从攻击后提升！）</i>",MINION,,,,True,,,,,,,,,,,,,,,,传说,18.0,16.86487448589432,1.0673070834327936,恶魔猎手
Jakub Kasper,6.0,MAGE,True,8,113700,对于凡界众生而言，精灵之母神秘非凡；但对伊瑟拉来说，她只是亲密的朋友与伙伴。,8.0,,EDR_430,['BATTLECRY'],艾森娜,UNDEAD,['UNDEAD'],LEGENDARY,EMERALD_DREAM,"<b>战吼：</b>
如果在本局对战中已有20个友方随从死亡，造成20点伤害，随机分配到所有敌人身上。@<i>（还剩{0}个！）</i>@<i>（已经就绪！）</i>",MINION,"<b>战吼：</b>
如果在本局对战中已有20个友方随从死亡，造成20点伤害，随机分配到所有敌人身上。",,,True,,,,,,,,,,,,,,,,传说,14.0,13.811434994021205,1.0136528178325006,法师
Daniil Kudriavtsev,3.0,PRIEST,True,2,114080,我年轻的时候，好友请求都是这样发的。,2.0,,EDR_449,"['BATTLECRY', 'LIFESTEAL']",月翼信使,BEAST,['BEAST'],COMMON,EMERALD_DREAM,<b>吸血</b>。<b>战吼：</b><b>灌注</b>你的英雄技能。,MINION,,['IMBUE'],,,,,,,,,,,,,,,,,,普通,5.0,4.651116518401871,1.0750106947907652,牧师
James Ryman,3.0,PALADIN,True,3,114081,是金子总会……花光的。,4.0,,EDR_451,"['BATTLECRY', 'DEATHRATTLE']",金萼幼龙,DRAGON,['DRAGON'],COMMON,EMERALD_DREAM,<b>战吼，亡语：</b><b>灌注</b>你的英雄技能。,MINION,,['IMBUE'],,,,,,,,,,,,,,,,,,普通,7.0,6.177836264338427,1.1330827980028404,圣骑士
Vlad Botos,12.0,NEUTRAL,True,10,114213,它棘了！棘嗣了！,7.0,,EDR_453,['TRIGGER_VISUAL'],棘嗣幼龙,DRAGON,['DRAGON'],COMMON,EMERALD_DREAM,在你的回合结束时，随机攻击一个敌方随从<i>（超过目标生命值的伤害会命中敌方英雄）</i>。,MINION,,,,,,,,,,,,,,,,,,,,普通,19.0,16.86487448589432,1.1266019214012821,中立
Ivo Campelo da Silva,2.0,WARRIOR,True,1,114218,早在腐蚀还没有蔓延到翡翠梦境的时候，他的名字叫做：骑士。,1.0,,EDR_456,"['BATTLECRY', 'DISCOVER']",黑暗的龙骑士,DEMON,['DEMON'],RARE,EMERALD_DREAM,<b>战吼：</b>如果你的手牌中有龙牌，<b>发现</b>一张具有<b>黑暗之赐</b>的龙牌。,MINION,,,,,,,,,,,,,,,,,,,,稀有,3.0,3.1243967724653157,0.9601853472767609,战士
Ramzy Kamen,2.0,WARRIOR,True,2,114219,不入龙穴，焉得招惹守护者！,3.0,,EDR_457,['BATTLECRY'],龙巢守护者,,,COMMON,EMERALD_DREAM,<b>战吼：</b>如果你的手牌中有龙牌，装备一把2/2的剑。,MINION,,,,,,,,,,,,,,,,,,,,普通,5.0,4.651116518401871,1.0750106947907652,战士
Stefan Bogdasarov,6.0,WARRIOR,True,4,114243,不经历痛苦，就不……痛！,6.0,,EDR_459,"['BATTLECRY', 'DEATHRATTLE']",受难的毁灭者,DRAGON,['DRAGON'],EPIC,EMERALD_DREAM,<b>战吼：</b>对所有其他友方随从造成3点伤害。<b>亡语：</b>对所有敌方随从造成3点伤害。,MINION,,,,,,,,,,,,,,,,,,,,史诗,12.0,7.704556010274983,1.557519989989885,战士
Edgar Hidalgo,3.0,PRIEST,True,4,114308,这张牌的攻击力本该是现在的一千倍吧？,6.0,,EDR_462,"['ELUSIVE', 'TRIGGER_VISUAL']",逐月幼龙,DRAGON,['DRAGON'],RARE,EMERALD_DREAM,<b>扰魔</b>。在你的回合结束时，随机获取一张龙牌。,MINION,,,,,,,,,,,,,,,,,,,,稀有,9.0,7.704556010274983,1.1681399924924138,牧师
Mooncolony,5.0,PRIEST,True,7,114326,身为高阶月之女祭司，泰兰德曾亲往翡翠梦境去寻找玛法里奥。在发现了萨维斯的梦魇之后，她决心挫败试图腐蚀梦境的势力。,7.0,,EDR_464,['BATTLECRY'],泰兰德,,,LEGENDARY,EMERALD_DREAM,"<b>战吼：</b>
你使用的下三张法术牌会施放两次。",MINION,,,,True,,,,,,True,,,,,,,,,,传说,12.0,12.284715248084652,0.9768236184286776,牧师
Alex Horley Orlandelli,8.0,WARRIOR,True,7,114340,伊森德雷流尽了一生的泪。,5.0,,EDR_465,"['DEATHRATTLE', 'TAUNT']",伊森德雷,DRAGON,['DRAGON'],LEGENDARY,EMERALD_DREAM,<b>嘲讽</b>。<b>亡语：</b>在本局对战中伊森德雷每死亡过一次，随机召唤一条龙。,MINION,,,,True,,,,,,,,,,,,,,,,传说,13.0,12.284715248084652,1.0582255866310675,战士
Ian Ameling,3.0,WARRIOR,True,4,116293,可以半熟，也可以全熟。,5.0,,EDR_468,['BATTLECRY'],捣蛋狂魔,,,COMMON,EMERALD_DREAM,<b>战吼：</b>对一个随从造成1点伤害，并使其获得+4攻击力。,MINION,,,,,,造成1点伤害并使其获得+4攻击力。,,,,,,,,,,,,,,普通,8.0,7.704556010274983,1.0383466599932567,战士
Felideus Bubastis,3.0,NEUTRAL,True,1,114344,小心，他睡醒的时候有可能又喊又叫又打人。,3.0,可以在<i>漫游翡翠梦境</i>奖励路线中获得该奖励。,EDR_469,,沉睡的林精,,,EPIC,EMERALD_DREAM,起始<b>休眠</b>状态。在你使用你的英雄技能后唤醒。,MINION,,,,,,,,,,,,,,,,,,,,史诗,6.0,3.1243967724653157,1.9203706945535217,中立
Kleston Marques,2.0,NEUTRAL,True,2,114346,盾器也可以是利器。,2.0,,EDR_470,"['TAUNT', 'TRIGGER_VISUAL']",树皮盾哨兵,,,COMMON,EMERALD_DREAM,<b>嘲讽</b>。在你使用你的英雄技能后，获得+2生命值。,MINION,,,,,,,,,,,,,,,,,,,,普通,4.0,4.651116518401871,0.8600085558326122,中立
Zoltan Boros,1.0,WARRIOR,True,10,114353,托尔托拉在燃烧军团的入侵中毫发无损，但梦魇的腐蚀却深深地穿透了他的防备。,30.0,,EDR_471,"['ELUSIVE', 'TAUNT', 'TRIGGER_VISUAL']",托尔托拉,BEAST,['BEAST'],LEGENDARY,EMERALD_DREAM,"<b>嘲讽</b>。<b>扰魔</b>
在本随从受到伤害后，获得1点护甲值并使本随从获得+1攻击力。",MINION,,,,True,,,,,,,,,,,,,,,,传说,31.0,16.86487448589432,1.8381399770231446,战士
Daniil Kudriavtsev,3.0,PRIEST,True,3,114373,健身课程中的噩梦。,3.0,,EDR_472,['BATTLECRY'],轮回编织者,,,COMMON,EMERALD_DREAM,<b>战吼：</b>如果你的手牌中有法力值消耗大于或等于（5）点的法术牌，则造成3点伤害。,MINION,,,,,,造成3点伤害。,,,,,,,,,,,,,,普通,6.0,6.177836264338427,0.9712138268595775,牧师
Stefan Bogdasarov,6.0,SHAMAN,True,6,114920,你以为这是翡翠梦魇的产物吗，那你可就错了。,6.0,,EDR_477,['TAUNT'],明根捕食花,,,COMMON,EMERALD_DREAM,<b>嘲讽</b>。在本局对战中，你每使用一次英雄技能，本牌的法力值消耗便减少（1）点。,MINION,,,,,,,,,,,,,,,,,,,,普通,12.0,10.757995502148095,1.1154494345720734,萨满
Eva Widermann,9.0,HUNTER,True,9,114254,以勇猛果决而闻名于世，且拥有的名号众多，其中包括洛戈什，还有巨狼。,9.0,,EDR_480,"['AURA', 'RUSH']",戈德林,BEAST,['BEAST'],LEGENDARY,EMERALD_DREAM,<b>突袭</b>。友方野兽造成的伤害翻倍。,MINION,,,,True,,,,,,,,,,,,,,,,传说,18.0,15.338154739957762,1.1735440348054258,猎人
Edgar Hidalgo,3.0,HUNTER,True,4,114298,眼见为实：这确实是符文熊。,4.0,,EDR_481,"['BATTLECRY', 'TAUNT']",神秘符文熊,BEAST,['BEAST'],COMMON,EMERALD_DREAM,<b>嘲讽</b>。<b>战吼：</b>如果本随从的攻击力大于或等于4点，召唤一个它的复制。,MINION,,,,,,,,,,,,,,,,,,,,普通,7.0,7.704556010274983,0.9085533274940997,猎人
Brian Despain,2.0,NEUTRAL,True,7,115037,草无夜蚂不肥。,7.0,,EDR_484,['TRIGGER_VISUAL'],食腐捕蝇草,,,RARE,EMERALD_DREAM,在一个随从死亡后，获得其攻击力。,MINION,,,,,,,,,,,,,,,,,,,,稀有,9.0,12.284715248084652,0.7326177138215082,中立
Timur Shevtsov,1.0,WARLOCK,True,1,115039,腐烂到心里去了。都怪萨维斯！,1.0,,EDR_485,['DEATHRATTLE'],腐心树妖,,,RARE,EMERALD_DREAM,<b>亡语：</b>抽一张法力值消耗大于或等于（7）点的随从牌。,MINION,,,,,,,,,,,,,,,,,,,,稀有,2.0,3.1243967724653157,0.6401235648511739,术士
Stefano Spagnuolo,7.0,NEUTRAL,True,9,115041,你只有一只眼睛，发脾气我们都能理解。但这也不是你烧掉整个翡翠梦境的借口。,9.0,,EDR_486,"['LIFESTEAL', 'RUSH']",纵火眼魔,DEMON,['DEMON'],COMMON,EMERALD_DREAM,<b>突袭</b>。<b>吸血</b>,MINION,,,,,,,,,,,,,,,,,,,,普通,16.0,15.338154739957762,1.0431502531603787,中立
Tanamaes Leejierasaes,6.0,WARLOCK,True,7,115044,心智可乱，发型不能乱。,6.0,,EDR_487,,瓦洛，污邪古树,,,LEGENDARY,EMERALD_DREAM,当本牌在你的手牌或牌库中时，会获得你的随从获得的每项<b>黑暗之赐</b>的复制。,MINION,,,,True,,,,,,True,,,,,,,,,,传说,12.0,12.284715248084652,0.9768236184286776,术士
Alex Horley Orlandelli,8.0,WARLOCK,True,10,115203,他虽在上古之战中身殒，但他的遗泽留在了艾泽拉斯，滋养着崇拜他的野猪人各部。,9.0,,EDR_489,['BATTLECRY'],阿迦玛甘,BEAST,['BEAST'],LEGENDARY,EMERALD_DREAM,<b>战吼：</b>你使用的下一张牌会消耗<b>对手</b>的生命值而非法力值<i>（最高不超过10点）</i>。,MINION,,,,True,,,,,,,,,,,,,,,,传说,17.0,16.86487448589432,1.008012245464305,术士
Ramzy Kamen,3.0,WARLOCK,True,2,115307,他这个“大”字是自己挣来的！,2.0,,EDR_491,['BATTLECRY'],荆棘大德鲁伊,,,EPIC,EMERALD_DREAM,<b>战吼：</b>获得在本回合中死亡的你的随从的<b>亡语</b>。,MINION,,['DEATHRATTLE'],,,,,,,,,,,,,,,,,,史诗,5.0,4.651116518401871,1.0750106947907652,术士
Ursula Dorada,2.0,NEUTRAL,True,4,115365,还会召唤一只0/0的丑小鸭。,3.0,,EDR_492,['BATTLECRY'],鸭妈妈,BEAST,['BEAST'],COMMON,EMERALD_DREAM,<b>战吼：</b>召唤三只1/1并具有<b>突袭</b>的小鸭子。,MINION,,['RUSH'],,,,,,,,,,,,,,,,,,普通,5.0,7.704556010274983,0.6489666624957855,中立
Jakub Kasper,5.0,DEMONHUNTER,True,5,115928,看，是小鸟！看，是飞机！看，是大熊！看，是魔犬！看，是末日守卫！看，是小鬼！,5.0,,EDR_493,['BATTLECRY'],阿莱纳希,BEAST,"['DEMON', 'BEAST']",LEGENDARY,EMERALD_DREAM,<b>战吼：</b>随机使你手牌中的所有随从牌变形成为恶魔牌。<i>（保留其原始属性值和法力值消耗。）</I>,MINION,,,,True,,,,,,True,,,,,,,,,,传说,10.0,9.231275756211538,1.0832738902064758,恶魔猎手
Brian Despain,6.0,WARLOCK,True,8,117498,园艺界的恐怖元素。,7.0,,EDR_494,"['DEATHRATTLE', 'TRIGGER_VISUAL']",饥饿古树,,,COMMON,EMERALD_DREAM,在你的回合结束时，吞食一个你的牌库中的随从，并获得其属性值。<b>亡语：</b>将被吞食的随从置入手牌。,MINION,,,,,,,,,,,,,,,,,,,,普通,13.0,13.811434994021205,0.941249045130179,术士
Mauricio Herrera,2.0,NEUTRAL,True,2,115027,扭曲的树木：玷污湖水，诅咒这片土地！,2.0,,EDR_495,['DEATHRATTLE'],扭曲的树人,,,COMMON,EMERALD_DREAM,<b>亡语：</b>使每个玩家手牌中的随机一张随从牌获得-2攻击力。,MINION,,,,,,,,,,,,,,,,,,,,普通,4.0,4.651116518401871,0.8600085558326122,中立
Grafit,3.0,MAGE,True,3,114287,“萨齐哪儿去了？你们看到萨齐了吗？”——哈斯,4.0,,EDR_517,"['BATTLECRY', 'DISCOVER']",亢祖,BEAST,['BEAST'],LEGENDARY,EMERALD_DREAM,<b>战吼：</b><b>发现</b>一张法术牌。你可以选择保留该牌，或者将其置于你对手的牌库顶。,MINION,,,,True,,,,,,True,,,,,,,,,,传说,7.0,6.177836264338427,1.1330827980028404,法师
L. Lullabi & R. Kamen,2.0,SHAMAN,True,3,114289,原野岩，天光，园林，接下来还有什么？,4.0,,EDR_518,['BATTLECRY'],活体园林,ELEMENTAL,['ELEMENTAL'],RARE,EMERALD_DREAM,<b>战吼：</b><b>灌注</b>你的英雄技能。使你手牌中一张随从牌的法力值消耗减少（1）点。,MINION,,['IMBUE'],,,,,,,,,,,,,,,,,,稀有,6.0,6.177836264338427,0.9712138268595775,萨满
Ivan Fomin,4.0,MAGE,True,5,114292,“灵魂带我飞。”,4.0,,EDR_519,['BATTLECRY'],小精灵驾驭者,,,COMMON,EMERALD_DREAM,<b>战吼：</b><b>灌注</b>并触发你的英雄技能。,MINION,,['IMBUE'],,,,,,,,,,,,,,,,,,普通,8.0,9.231275756211538,0.8666191121651807,法师
Timur Shevtsov,4.0,ROGUE,True,3,114505,愚蠢的萨特，这种狡猾的把戏骗骗雏龙还可以！,3.0,,EDR_521,['BATTLECRY'],狡猾的萨特,DEMON,['DEMON'],COMMON,EMERALD_DREAM,<b>战吼：</b>获取你对手手牌中法力值消耗最低的牌的一张复制。,MINION,,,,,,,,,,,,,,,,,,,,普通,7.0,6.177836264338427,1.1330827980028404,潜行者
Caroline Gariba,3.0,ROGUE,True,4,114514,“抓到芬杰了吗？”“抽鱼抽到喽。”,5.0,,EDR_524,['BATTLECRY'],影蔽袭击者,DEMON,['DEMON'],EPIC,EMERALD_DREAM,<b>战吼：</b>如果你的手牌中有一张与对手相同的牌，将对手的该牌洗入其牌库。,MINION,,,,,,,,,,,,,,,,,,,,史诗,8.0,7.704556010274983,1.0383466599932567,潜行者
Grafit,3.0,ROGUE,True,3,114518,去吧，蛛丝！,3.0,,EDR_526,['BATTLECRY'],雷弗拉尔，恶念巨蛛,BEAST,['BEAST'],LEGENDARY,EMERALD_DREAM,"<b>战吼：</b>随机使你对手手牌中的1张牌困住一回合。
<i>（你每使用过一次本随从都会提升。）</i>",MINION,,,,True,,,,,,True,,,,,,,,,,传说,6.0,6.177836264338427,0.9712138268595775,潜行者
Max Grecke,7.0,ROGUE,True,9,114527,早在上古时代，阿莎曼牺牲了自己，从军团手中拯救了暗夜精灵。她的名字至今仍在精灵一族中广为传颂。,7.0,,EDR_527,['BATTLECRY'],阿莎曼,BEAST,['BEAST'],LEGENDARY,EMERALD_DREAM,<b>战吼：</b>用你对手牌库中牌的复制填满你的手牌，其法力值消耗减少（3）点。,MINION,,,,True,,,,,,,,,,,,,,,,传说,14.0,15.338154739957762,0.9127564715153312,潜行者
Matt Dixon,1.0,SHAMAN,True,1,115295,“长大之后，我要变成死亡之翼！”,2.0,,EDR_529,['TRIGGER_VISUAL'],胆大的魔荚人,,,EPIC,EMERALD_DREAM,如果本随从即将变形成为某随从，则会变形成为法力值消耗增加（2）点的随从。,MINION,,,,,,,,,,,,,,,,,,,,史诗,3.0,3.1243967724653157,0.9601853472767609,萨满
Melvin Chan,0.0,NEUTRAL,True,2,115364,做你的白日梦去吧。,4.0,,EDR_530,['TRIGGER_VISUAL'],痴梦树精,,,COMMON,EMERALD_DREAM,在你的回合结束时，随机获取一张自然法术牌。,MINION,,,,,,,,,,,,,,,,,,,,普通,4.0,4.651116518401871,0.8600085558326122,中立
Ivo Campelo da Silva,2.0,ROGUE,True,2,115612,这只蜘蛛太邪恶了，它不仅把猎物抓进蛛网，而且还会吃掉！,3.0,,EDR_540,['TRIGGER_VISUAL'],扭曲的织网蛛,BEAST,['BEAST'],RARE,EMERALD_DREAM,每当你使用其他的你已经使用过的随从牌，抽一张牌。,MINION,,,,,,,,,,,,,,,,,,,,稀有,5.0,4.651116518401871,1.0750106947907652,潜行者
Ivo Campelo da Silva,2.0,NEUTRAL,True,3,116672,哇哈哈哈他们绝对发现不了那张法力值消耗大于或等于（5）点的法术牌！,4.0,可以在<i>漫游翡翠梦境</i>奖励路线中获得该奖励。,EDR_571,['DEATHRATTLE'],法夜欺诈者,DRAGON,['DRAGON'],COMMON,EMERALD_DREAM,<b>亡语：</b>抽一张法力值消耗大于或等于（5）点的法术牌。,MINION,,,,,,,,,,,,,,,,,,,,普通,6.0,6.177836264338427,0.9712138268595775,中立
Juan Calle,5.0,NEUTRAL,True,5,116673,大家都说腐蚀会蒙蔽你的双眼——可腐蚀之后眼睛明明更多了！,5.0,可以在<i>漫游翡翠梦境</i>奖励路线中获得该奖励。,EDR_572,['DEATHRATTLE'],受难的恐翼巨龙,DRAGON,['DRAGON'],COMMON,EMERALD_DREAM,<b>亡语：</b>抽两张龙牌，其法力值消耗减少（1）点。,MINION,,,,,,,,,,,,,,,,,,,,普通,10.0,9.231275756211538,1.0832738902064758,中立
Stefano Spagnuolo,5.0,NEUTRAL,True,3,117420,“来呀，来把我点掉呀！”,1.0,,EDR_598,['ELUSIVE'],梦境暴怒者,,,COMMON,EMERALD_DREAM,<b>扰魔</b>,MINION,,,,,,,,,,,,,,,,,,,,普通,6.0,6.177836264338427,0.9712138268595775,中立
Matt Dixon,3.0,WARLOCK,True,4,118250,拿我的园艺剪来。最大的那把。,5.0,,EDR_654,"['BATTLECRY', 'TAUNT']",疯长的恐魔,,,RARE,EMERALD_DREAM,<b>嘲讽</b>。<b>战吼：</b>使你手牌中具有<b>黑暗之赐</b>的随从牌的法力值消耗减少（2）点。,MINION,,,,,,,,,,,,,,,,,,,,稀有,8.0,7.704556010274983,1.0383466599932567,术士
Gabor Szikszai,2.0,NEUTRAL,True,3,115174,有些人给自己幻想出了朋友。而他有个幻象双胞胎。,4.0,,EDR_780,['BATTLECRY'],血蓟幻术师,DEMON,['DEMON'],EPIC,EMERALD_DREAM,<b>战吼：</b>召唤一个本随从的复制。本体和复制中会秘密区分出一个，在受到伤害时死亡。,MINION,,,,,,,,,,,,,,,,,,,,史诗,6.0,6.177836264338427,0.9712138268595775,中立
Drew Hill,2.0,ROGUE,True,3,115176,名字越嚣张，角色就越邪恶。,3.0,,EDR_781,,凋零先驱,,,RARE,EMERALD_DREAM,每当本随从从战场进入你的手牌时，随机召唤两个法力值消耗为（2）的随从。,MINION,,,,,,,,,,,,,,,,,,,,稀有,5.0,6.177836264338427,0.8093448557163146,潜行者
Edgar Hidalgo,4.0,NEUTRAL,True,4,114006,蝴蝶振翅飞，守卫永相随——,4.0,,EDR_800,"['BATTLECRY', 'DIVINE_SHIELD', 'TAUNT']",振翅守卫,,,COMMON,EMERALD_DREAM,"<b><b>嘲讽</b>。圣盾</b>
<b>战吼：</b><b>灌注</b>你的英雄技能。",MINION,,['IMBUE'],,,,,,,,,,,,,,,,,,普通,8.0,7.704556010274983,1.0383466599932567,中立
Brian Despain,3.0,DEATHKNIGHT,True,6,114301,这就是所谓的死亡共生关系。,5.0,,EDR_810,"['AURA', 'BATTLECRY']",丑恶的残躯,UNDEAD,"['UNDEAD', 'BEAST']",EPIC,EMERALD_DREAM,"你的水蛭从其宿主处
偷取的生命值增加1点。<b>战吼：</b>召唤两条0/2的水蛭。",MINION,,,,,"{'blood': 1, 'frost': 0, 'unholy': 0}",,,,,,,,,,,,,,,史诗,8.0,10.757995502148095,0.7436329563813822,
Slawomir Maniak,0.0,DEATHKNIGHT,True,3,114306,在某些情况下，最好不要“驻足欣赏，品味花香”。,5.0,,EDR_815,['TRIGGER_VISUAL'],尸魔花,UNDEAD,['UNDEAD'],RARE,EMERALD_DREAM,在你的对手召唤一个随从后，消耗2份<b>残骸</b>以对其造成3点伤害。,MINION,,,,,"{'blood': 0, 'frost': 0, 'unholy': 2}",,,,,,,,,,,,,,,稀有,5.0,6.177836264338427,0.8093448557163146,
AJ Nazzaro,1.0,DEATHKNIGHT,True,1,116296,我知道每种生物在生态系统中都很重要，但这些吸血鬼是真的恶心。,2.0,,EDR_816,['TRIGGER_VISUAL'],怪异魔蚊,BEAST,['BEAST'],COMMON,EMERALD_DREAM,在你的回合结束时，使你的其他随从获得+1攻击力。,MINION,,,,,,,,,,,,,,,,,,,,普通,3.0,3.1243967724653157,0.9601853472767609,
Zoltan Boros,7.0,DEATHKNIGHT,True,7,114307,捉个虫：该随从分裂成了1/1的甲虫并会在下个回合开始时重组。,7.0,,EDR_818,"['DEATHRATTLE', 'TAUNT']",尼珊德拉,UNDEAD,"['UNDEAD', 'DRAGON']",LEGENDARY,EMERALD_DREAM,<b>嘲讽</b>。<b>亡语：</b>分裂为1/1的甲虫。在你的回合开始时，剩余的甲虫会重组为尼珊德拉。,MINION,,,,True,"{'blood': 0, 'frost': 0, 'unholy': 2}",,,,,,,,,,,,,,,传说,14.0,12.284715248084652,1.1396275548334573,
Juan Calle,6.0,DEATHKNIGHT,True,9,116018,巨熊之神强壮如斯，梦魇只能腐蚀他的灵魂，无法腐蚀他的力量。,14.0,,EDR_819,"['BATTLECRY', 'DEATHRATTLE']",乌索克,BEAST,['BEAST'],LEGENDARY,EMERALD_DREAM,<b>战吼：</b>攻击所有其他随从。<b>亡语：</b>复活本随从消灭的随从。,MINION,,,,True,,,,,,,,,,,,,,,,传说,20.0,15.338154739957762,1.3039378164504731,
Max Grecke,4.0,DEMONHUNTER,True,4,114663,所谓的恐魂其实并没有受到腐蚀，信不信由你。,4.0,,EDR_841,"['BATTLECRY', 'DEATHRATTLE']",恐魂腐蚀者,,,RARE,EMERALD_DREAM,<b>战吼，亡语：</b>随机召唤一个<b>休眠</b>的魔种。,MINION,,,,,,,,,,,,,,,,,,,,稀有,8.0,7.704556010274983,1.0383466599932567,恶魔猎手
Tee Fuyuan,7.0,NEUTRAL,True,7,114849,打盹休息结束了！,7.0,可以在<i>漫游翡翠梦境</i>奖励路线中获得该奖励。,EDR_844,['AURA'],纳拉雷克斯，龙群先锋,,,LEGENDARY,EMERALD_DREAM,你每个回合使用的第一张龙牌法力值消耗为（1）点。,MINION,,,,True,,,,,,True,,,,,可以在<i>漫游翡翠梦境</i>奖励路线中获得该奖励。,,,,,传说,14.0,12.284715248084652,1.1396275548334573,中立
Nicola Saviori,5.0,DRUID,True,5,114858,符文（死亡骑士）+图腾（萨满祭司）=德鲁伊？？,6.0,,EDR_845,['START_OF_GAME_KEYWORD'],哈缪尔·符文图腾,,,LEGENDARY,EMERALD_DREAM,"<b>对战开始时：</b>
如果你套牌中的每张法术牌均为自然法术，<b>灌注</b>你的英雄技能。你每施放3个法术，重复此效果。",MINION,,['IMBUE'],,True,,,,,,,,,,,,,,,,传说,11.0,9.231275756211538,1.1916012792271236,德鲁伊
Matt Dixon,3.0,DRUID,True,3,114912,这不是睡懒觉，这是深入研究梦境！,3.0,,EDR_847,"['BATTLECRY', 'DEATHRATTLE']",梦缚信徒,,,RARE,EMERALD_DREAM,<b>战吼，亡语：</b>你的下一个英雄技能的法力值消耗为（0）点。,MINION,,,,,,,,,,,,,,,,,,,,稀有,6.0,6.177836264338427,0.9712138268595775,德鲁伊
Timur Shevtsov,2.0,NEUTRAL,True,1,114933,梦啊，梦，梦，梦……,1.0,可以在<i>漫游翡翠梦境</i>奖励路线中获得该奖励。,EDR_849,['TRIGGER_VISUAL'],梦缚迅猛龙,BEAST,['BEAST'],COMMON,EMERALD_DREAM,在你使用一张随从牌后，随机使其获得一项<b>额外效果</b>。,MINION,,,,,,,,,,,,,,,,,,,,普通,3.0,3.1243967724653157,0.9601853472767609,中立
Stefano Spagnuolo,2.0,NEUTRAL,True,2,114935,鲜花虽美，却也有刺。还有胡子。还有盾牌。,3.0,,EDR_852,['BATTLECRY'],苦花骑士,,,COMMON,EMERALD_DREAM,<b>战吼：</b><b>灌注</b>你的英雄技能。,MINION,,['IMBUE'],,,,,,,,,,,,,,,,,,普通,5.0,4.651116518401871,1.0750106947907652,中立
Luca Zontini,3.0,HUNTER,True,5,114857,只有名字叫部落。,5.0,,EDR_853,['TRIGGER_VISUAL'],布罗尔·熊皮,,,LEGENDARY,EMERALD_DREAM,在你施放一个法术后，随机召唤一个动物伙伴。,MINION,,,,True,,,,,,True,,,,,,,,,,传说,8.0,9.231275756211538,0.8666191121651807,猎人
Jerry Mascho,4.0,NEUTRAL,True,4,115139,在下个补丁中，萨维斯会和上次一样替换掉伊利丹，成为恶魔猎手英雄。,4.0,可以在<i>漫游翡翠梦境</i>奖励路线中获得该奖励。,EDR_856,"['BATTLECRY', 'DISCOVER']",梦魇之王萨维斯,DEMON,['DEMON'],LEGENDARY,EMERALD_DREAM,<b>战吼：</b>从你的牌库中<b>发现</b>一张随从牌。使其获得<b>黑暗之赐</b>。,MINION,,,,True,,,,,,,,,,,,,,,,传说,8.0,7.704556010274983,1.0383466599932567,中立
Luca Zontini,4.0,NEUTRAL,True,4,114076,你做没做过这样的梦，呃，就是说，嗯，怎么说呢，啊，这个，你想，或者说，你能，就是说，你能，还是说，你想干什么就干什么？,4.0,,EDR_860,"['BATTLECRY', 'LIFESTEAL']",明耀织梦者,,,EPIC,EMERALD_DREAM,<b>吸血</b>。<b>战吼：</b>如果你已<b>灌注</b>过你的英雄技能两次，对一个随从造成4点伤害。,MINION,,['IMBUE'],,,,对一个随从造成4点伤害。,,,,,,,,,,,,,,史诗,8.0,7.704556010274983,1.0383466599932567,中立
Mauricio Herrera,2.0,NEUTRAL,True,2,116292,“砍下我的枝干，用它做成你的法力水晶吧，”那棵树说。“这样你就能成功跳费……收获幸福。”,2.0,,EDR_861,['DEATHRATTLE'],宁静树人,,,COMMON,EMERALD_DREAM,"<b>亡语：</b>双方玩家
各获得一个空的
法力水晶。",MINION,,,,,,,,,,,,,,,,,,,,普通,4.0,4.651116518401871,0.8600085558326122,中立
Mike Sass,2.0,MAGE,True,2,116462,静聆小精灵，小精灵径临。,1.0,,EDR_871,['BATTLECRY'],灵体采集者,,,EPIC,EMERALD_DREAM,"<b>战吼：</b>获取
一张小精灵。<b>灌注</b>你的英雄技能。",MINION,,['IMBUE'],,,,,,,,,,,,,,,,,,史诗,3.0,4.651116518401871,0.6450064168744591,法师
Kevin Sidharta,3.0,NEUTRAL,True,4,116495,这叫“弃暗投林”。,6.0,可以在<i>漫游翡翠梦境</i>奖励路线中获得该奖励。,EDR_873,['BATTLECRY'],林地特使,,,RARE,EMERALD_DREAM,<b>战吼：</b>将你牌库中的所有中立卡牌随机变形成为德鲁伊卡牌。,MINION,,,,,,,,,,,,,,,,,,,,稀有,9.0,7.704556010274983,1.1681399924924138,中立
James Ryman,8.0,NEUTRAL,True,8,115186,玛洛恩是神话传奇中的存在，最古老的荒野诸神之一，也是塞纳留斯的父亲。,6.0,,EDR_888,"['BATTLECRY', 'DISCOVER']",护路者玛洛恩,BEAST,['BEAST'],LEGENDARY,EMERALD_DREAM,<b>战吼：</b><b>发现</b>一张<b>传说</b>荒野之神。如果你已<b>灌注</b>过你的英雄技能4次，则将发现的荒野之神的法力值消耗变为（1）点。,MINION,,['IMBUE'],,True,,,,,,,,,,,,,,,,传说,14.0,13.811434994021205,1.0136528178325006,中立
Eva Widermann,1.0,NEUTRAL,True,2,115191,翡翠梦魇对她来说可能其实是个商机。,4.0,,EDR_889,['TRIGGER_VISUAL'],鲜花商贩,DRAGON,['DRAGON'],COMMON,EMERALD_DREAM,在你的回合结束时，随机使另一条友方的龙获得+1/+1。,MINION,,,,,,,,,,,,,,,,,,,,普通,5.0,4.651116518401871,1.0750106947907652,中立
Ian Ameling,4.0,DEMONHUNTER,True,3,114496,那如果我是左撇子呢？？,2.0,,EDR_890,['DEATHRATTLE'],梦魇龙裔,DRAGON,['DRAGON'],COMMON,EMERALD_DREAM,<b>亡语：</b>使你最右边的手牌法力值消耗减少（2）点。,MINION,,,,,,,,,,,,,,,,,,,,普通,6.0,6.177836264338427,0.9712138268595775,恶魔猎手
BOSi Studio,5.0,DEMONHUNTER,True,5,114497,最爱恶魔的魂。,3.0,,EDR_891,['DEATHRATTLE'],贪婪的地狱猎犬,DEMON,['DEMON'],RARE,EMERALD_DREAM,<b>亡语：</b>复活一个法力值消耗小于或等于（4）点的友方<b>亡语</b>随从，并召唤一个它的复制。,MINION,,,,,,,,,,,,,,,,,,,,稀有,8.0,9.231275756211538,0.8666191121651807,恶魔猎手
Guillaume Beauchêne,7.0,DEMONHUNTER,True,7,114498,一树在手，抵得二树在魇。,5.0,,EDR_892,['DEATHRATTLE'],残暴的魔蝠,DEMON,['DEMON'],EPIC,EMERALD_DREAM,<b>亡语：</b>复活一个不同的法力值消耗大于或等于（5）点的友方<b>亡语</b>随从，并召唤一个它的复制。,MINION,,,,,,,,,,,,,,,,,,,,史诗,12.0,12.284715248084652,0.9768236184286776,恶魔猎手
Zoltan Boros,7.0,PRIEST,True,9,115264,百鸟之神对所有的空中生物都抱有特别的兴趣。哪怕是那些生有翅膀却不能飞的生物。,11.0,,EDR_895,['BATTLECRY'],艾维娜，艾露恩钦选者,,,LEGENDARY,EMERALD_DREAM,<b>战吼：</b>开启为期三回合的月相演变。当满月升起时，在本局对战中你的卡牌法力值消耗为（1）点。,MINION,,,,True,,,,,,,,,,,,,,,,传说,18.0,15.338154739957762,1.1735440348054258,牧师
Matt Dixon,3.0,MAGE,True,4,115805,精灵飘，精灵飘，经过我周围！,6.0,,EDR_940,['TRIGGER_VISUAL'],喜悦的枭兽,,,RARE,EMERALD_DREAM,在你的回合结束时，获得1点护甲值。<i>（你每控制一个小精灵都会提升！）</i>,MINION,,,,,,,,,,,,,,,,,,,,稀有,9.0,7.704556010274983,1.1681399924924138,法师
Matt Dixon,3.0,NEUTRAL,True,4,115867,一击出洞！,5.0,,EDR_942,['TRIGGER_VISUAL'],好奇的积云,ELEMENTAL,['ELEMENTAL'],COMMON,EMERALD_DREAM,"在你的回合
结束时，使你的英雄获得<b>圣盾</b>。",MINION,,['DIVINE_SHIELD'],,,,,,,,,,,,,,,,,,普通,8.0,7.704556010274983,1.0383466599932567,中立
Mooncolony,2.0,NEUTRAL,True,3,122547,“看，是小鸟！看，是小鸟！看，是小鸟！”,3.0,打开<i>漫游翡翠梦境</i>金色包后可解锁。,EDR_950,['BATTLECRY'],锐目侦察兵,,,EPIC,EVENT,<b>战吼：</b>抽一张牌，在本回合中其法力值消耗减少（1）点。<i>（我认得那张牌！）</i>,MINION,<b>战吼：</b>抽一张牌，在本回合中其法力值消耗减少（1）点。<i>（会抽到{5}！）</i>,,,,,,,,,,,,,,打开<i>漫游翡翠梦境</i>卡牌包后可解锁。,,,,,史诗,5.0,6.177836264338427,0.8093448557163146,中立
Mooncolony,3.0,PRIEST,True,3,115461,艾露恩，我向您祈求……对战中的每次随机都有最好的结果，这样我就能100%胜率上传说啦。,3.0,,EDR_970,['BATTLECRY'],卡多雷女祭司,,,RARE,EMERALD_DREAM,<b>战吼：</b>直到你的下个回合，使所有敌方随从获得-2攻击力。<b>灌注</b>你的英雄技能。,MINION,,['IMBUE'],,,,,,,,,,,,,,,,,,稀有,6.0,6.177836264338427,0.9712138268595775,牧师
C. Gariba and R. Zanchetin,2.0,NEUTRAL,True,1,115938,她教会了小动物两件事：自驭和治愈。,2.0,,EDR_971,['TRIGGER_VISUAL'],小动物看护者,,,COMMON,EMERALD_DREAM,在你的回合结束时，为双方英雄各恢复#3点生命值。,MINION,,,,,,,,,,,,,,,,,,,,普通,4.0,3.1243967724653157,1.2802471297023479,中立
Edgar Hidalgo,6.0,NEUTRAL,True,8,117511,我们各走各的，鹿。,11.0,,EDR_978,"['DEATHRATTLE', 'TAUNT']",踏青驼鹿,BEAST,['BEAST'],COMMON,EMERALD_DREAM,<b>嘲讽</b>。<b>亡语：</b>将一张踏青驼鹿置于你的牌库底，其法力值消耗为（1）点。,MINION,,,,,,,,,,,,,,,,,,,,普通,17.0,13.811434994021205,1.230864135939465,中立
Stefan Bogdasarov,5.0,NEUTRAL,True,5,117302,谁敢吸食古树？,5.0,,EDR_979,,昔时古树,,,EPIC,EMERALD_DREAM,<b>休眠</b>2回合。<b>休眠</b>状态下，在你的回合结束时，获得3点护甲值并抽一张牌。,MINION,,,,,,,,,,,,,,,,,,,,史诗,10.0,9.231275756211538,1.0832738902064758,中立
Matt Dixon,1.0,NEUTRAL,True,1,116256,“你又在啃树皮了！？作啮啊……”,1.0,,EDR_999,['BATTLECRY'],啮齿绿鳍鱼人,MURLOC,['MURLOC'],COMMON,EMERALD_DREAM,<b>战吼：</b>随机获取一张鱼人牌。,MINION,,,,,,,,,,,,,,,,,,,,普通,2.0,3.1243967724653157,0.6401235648511739,中立
Slawomir Maniak,4.0,,True,4,121057,我们不得不把这个随从的<b>亡语</b>分裂成两部分。,3.0,,END_002,"['DEATHRATTLE', 'REBORN']",邪恶荒裔怪,UNDEAD,['UNDEAD'],RARE,TIME_TRAVEL,<b>复生</b>。<b>亡语：</b>装备一把1/2的匕首。如果你已经装备了武器，改为使其获得+2攻击力。,MINION,,,,,,,,"['DEATHKNIGHT', 'ROGUE']",,,,,,,,,,True,,稀有,7.0,7.704556010274983,0.9085533274940997,
Luca Zontini,5.0,,True,7,121058,长眠之前切勿动怒。,4.0,,END_004,['BATTLECRY'],愤怒残魂,DEMON,"['UNDEAD', 'DEMON']",COMMON,TIME_TRAVEL,在本回合中每有一个随从死亡，本牌的法力值消耗便减少（1）点。<b>战吼：</b>抽两张牌。,MINION,,,,,,,,"['DEATHKNIGHT', 'DEMONHUNTER']",,,,,,,,,,True,,普通,9.0,12.284715248084652,0.7326177138215082,
Grafit,3.0,DEMONHUNTER,True,5,121063,以及下下下回合！下下下下回合！,5.0,,END_006,['BATTLECRY'],克罗妮卡,DRAGON,['DRAGON'],LEGENDARY,TIME_TRAVEL,<b>战吼：</b>使你的英雄在本回合，下回合以及下下回合中获得+3攻击力。,MINION,,,,True,,,,,,True,,,,,,,,True,,传说,8.0,9.231275756211538,0.8666191121651807,恶魔猎手
Melvin Chan,3.0,,True,3,121106,很遗憾，每一条时间线里都有这种脏东西。,4.0,,END_008,['TRIGGER_VISUAL'],永存蟑螂,BEAST,['BEAST'],RARE,TIME_TRAVEL,"在你使用你的英雄技能后，复原2个
法力水晶。",MINION,,,,,,,,"['DRUID', 'DEMONHUNTER']",,,,,,,,,,True,,稀有,7.0,6.177836264338427,1.1330827980028404,
Grafit,5.0,,True,6,121144,你这么一说，它的鳞片确实太亮了……,5.0,,END_010,['CHOOSE_ONE'],暮光时空撕裂者,DRAGON,['DRAGON'],RARE,TIME_TRAVEL,<b>抉择：</b>将所有其他随从的攻击力变为1；或者生命值变为1。,MINION,,,,,,,,"['DRUID', 'PALADIN']",,,,,,,,,,True,,稀有,10.0,10.757995502148095,0.9295411954767278,
Trent Kaniuga,3.0,,True,3,121153,不，戮屠，你也在内吗？,3.0,,END_013,"['BATTLECRY', 'DISCOVER']",戮屠末日巨口,BEAST,['BEAST'],RARE,TIME_TRAVEL,<b>战吼：</b><b>发现</b>一张具有<b>黑暗之赐</b>的法力值消耗为（1）的随从牌。,MINION,,,,,,,,"['HUNTER', 'PALADIN']",,,,,,,,,,True,,稀有,6.0,6.177836264338427,0.9712138268595775,
Uriah Voth,5.0,HUNTER,True,5,121157,时间流坍缩之后，各个时空的顶级捕猎者汇聚到了时光之末，搜寻着它们的终极美餐。,5.0,,END_015,['DEATHRATTLE'],三纪暴龙,BEAST,['BEAST'],RARE,TIME_TRAVEL,<b>延系，亡语：</b>随机获取一张<b>亡语</b>随从牌，其法力值消耗减少（2）点。,MINION,,,,,,,,,,,,,,,,,,True,,稀有,10.0,9.231275756211538,1.0832738902064758,猎人
Slawomir Maniak,5.0,WARLOCK,True,3,121162,反正那张牌我也不想用了。,5.0,,END_018,"['BATTLECRY', 'DEATHRATTLE']",无穷助祭,DRAGON,['DRAGON'],COMMON,TIME_TRAVEL,<b>战吼：</b>将你手牌中一张随机卡牌的法力值消耗变为无穷大！<b>亡语：</b>将其变回原本消耗。,MINION,,,,,,,,,,,,,,,,,,True,,普通,10.0,6.177836264338427,1.6186897114326293,术士
Patrik Bjorkstrom,5.0,,True,5,121166,“为了帕维克！”,6.0,,END_019,"['BATTLECRY', 'TAUNT']",末世幸存者,,,COMMON,TIME_TRAVEL,<b>嘲讽</b>。<b>战吼：</b>如果你的英雄在本回合受到过伤害，获得+3/+3。,MINION,,,,,,,,"['WARLOCK', 'WARRIOR']",,,,,,,,,,True,,普通,11.0,9.231275756211538,1.1916012792271236,
Mike Sass,2.0,WARRIOR,True,3,121171,*戳**戳*“我觉得那边很安全。”,5.0,,END_021,['BATTLECRY'],次元武器匠,DRAGON,['DRAGON'],COMMON,TIME_TRAVEL,<b>战吼：</b>使你手牌中所有随从牌和武器牌获得+2攻击力。,MINION,,,,,,,,,,,,,,,,,,True,,普通,7.0,6.177836264338427,1.1330827980028404,战士
Zoltan Boros,1.0,,True,1,121174,戴上眼镜的先知还能看得更远一点。,3.0,,END_022,,时光扭曲先知,DRAGON,['DRAGON'],COMMON,TIME_TRAVEL,"受伤时拥有
<b>法术伤害+2</b>。",MINION,,['SPELLPOWER'],,,,,,"['MAGE', 'WARRIOR']",,,,,,,,,,True,,普通,4.0,3.1243967724653157,1.2802471297023479,
Gabriel Lopes,3.0,,True,4,121189,随便吧，它无所谓。,6.0,,END_026,['TRIGGER_VISUAL'],虚无残遗,ELEMENTAL,['ELEMENTAL'],RARE,TIME_TRAVEL,在你对随从施放法术后，抽一张牌。,MINION,,,,,,,,"['MAGE', 'PRIEST']",,,,,,,,,,True,,稀有,9.0,7.704556010274983,1.1681399924924138,
Studio Hive,0.0,,True,2,121192,仔细一想，其实无毒。,4.0,,END_029,['TRIGGER_VISUAL'],巫毒图腾,TOTEM,['TOTEM'],COMMON,TIME_TRAVEL,在你的回合结束时，随机获取一张暗影法术牌。,MINION,,,,,,,,"['PRIEST', 'SHAMAN']",,,,,,,,,,True,,普通,4.0,4.651116518401871,0.8600085558326122,
Jim Nelson,4.0,SHAMAN,True,6,121193,捉虫高手，肚子里全是bug。,6.0,,END_030,"['ELUSIVE', 'TAUNT']",失控龙蛙,DRAGON,"['BEAST', 'DRAGON']",RARE,TIME_TRAVEL,<b>扰魔</b>。<b>嘲讽</b>。在本局对战中，你每<b>过载</b>一个法力水晶，本牌的法力值消耗便减少（1）点。,MINION,,['OVERLOAD'],,,,,,,,,,,,,,,,True,,稀有,10.0,10.757995502148095,0.9295411954767278,萨满
Jason Kang,3.0,,True,3,121194,这也太<i>阴</i>了。,3.0,,END_031,"['SPELLPOWER', 'STEALTH']",时光之末的阴影,UNDEAD,['UNDEAD'],COMMON,TIME_TRAVEL,<b>潜行</b>。<b>法术伤害+1</b>,MINION,,,,,,,,"['ROGUE', 'SHAMAN']",,,,,1.0,,,,,True,,普通,6.0,6.177836264338427,0.9712138268595775,
Slawomir Maniak,4.0,,True,4,121195,这桶炸鸡里多了一只翅膀！,4.0,,END_032,"['COMBO', 'RUSH']",飞翼畸变体,DRAGON,['DRAGON'],RARE,TIME_TRAVEL,<b>突袭</b>。<b><b>连击：</b>过载（2）</b>以获得<b>风怒</b>和在本回合中的<b>免疫</b>。,MINION,,"['IMMUNE', 'OVERLOAD', 'WINDFURY']",,,,,,"['ROGUE', 'SHAMAN']",,,,,,,,,,True,,稀有,8.0,7.704556010274983,1.0383466599932567,
Edgar Hidalgo,6.0,NEUTRAL,True,7,121196,一个字，觉。,8.0,,END_033,,先觉蜿变幼龙,DRAGON,['DRAGON'],COMMON,TIME_TRAVEL,<b>扰魔</b>。如果你的手牌中有其他龙牌，本牌的法力值消耗减少（3）点。,MINION,,['ELUSIVE'],,,,,,,,,,,,,,,,True,,普通,14.0,12.284715248084652,1.1396275548334573,中立
Ian Ameling,8.0,NEUTRAL,True,8,121197,如果你喂给龙一小块饼干，那他接下来还会要随从，要武器，甚至一整个地标。,6.0,,END_034,['BATTLECRY'],碎裂扫荡者,DRAGON,['DRAGON'],EPIC,TIME_TRAVEL,<b>战吼：</b>随机消灭敌方随从，地标和武器各一个。,MINION,,,,,,,,,,,,,,,,,,True,,史诗,14.0,13.811434994021205,1.0136528178325006,中立
Christina Kraus,5.0,NEUTRAL,True,5,121199,噩兆昭示着可怕的真相：这局对战最终一定会结束。,5.0,,END_035,['BATTLECRY'],末世之兆,DRAGON,['DRAGON'],RARE,TIME_TRAVEL,<b>战吼：</b>如果你的牌库中没有牌，摧毁敌方牌库顶的五张牌。,MINION,,,,,,,,,,,,,,,,,,True,,稀有,10.0,9.231275756211538,1.0832738902064758,中立
Juan Calle,3.0,NEUTRAL,True,4,121202,哪怕是最最纯洁的心灵，也会在某些未来中腐化堕落。只有在最最黑暗的时间线里，像克罗米这样的英雄才会变成邪恶的米罗克。,6.0,,END_036,"['AURA', 'BATTLECRY', 'DISCOVER', 'TRIGGER_VISUAL']",米罗克,,,LEGENDARY,TIME_TRAVEL,"你的<b>回溯</b>的两种结果
均会保留。<b>战吼：</b><b>发现</b>一张任意职业的<b>回溯</b>牌。",MINION,,,,True,,,,,,,,,,,,,,True,,传说,9.0,7.704556010274983,1.1681399924924138,中立
Kevin Sidharta,4.0,NEUTRAL,True,9,121203,绝境之中，姆诺兹多在最后一刻召唤出了各条时间线上的巨龙。不过最凶恶的那一条尚未现身……,6.0,,END_037,['BATTLECRY'],末世的姆诺兹多,,,LEGENDARY,TIME_TRAVEL,<b>战吼：</b>用随机的龙填满你的面板。为你的英雄恢复所有生命值。跳过你的下个回合。,MINION,,,,True,,,,,,True,,,,,,,,True,,传说,10.0,15.338154739957762,0.6519689082252366,中立
Ursula Dorada,1.0,PRIEST,True,2,117292,我们将魔法带到了这个世界，但各种灾难浩劫或许会带走这世界的魔法。,3.0,,FIR_777,"['BATTLECRY', 'LIFESTEAL', 'TAUNT']",卡多雷精魂,UNDEAD,['UNDEAD'],COMMON,EMERALD_DREAM,<b>嘲讽</b>。<b>吸血</b>。<b>战吼：</b>如果你在本回合中使用过英雄技能，获得+3/+3。,MINION,,,,,,,,,,,,,,,,,,True,,普通,4.0,4.651116518401871,0.8600085558326122,牧师
Dmitry Bolotov,9.0,SHAMAN,True,9,117294,专擅毁灭的神通王！,9.0,,FIR_778,"['DEATHRATTLE', 'TAUNT']",毁灭化身,ELEMENTAL,['ELEMENTAL'],COMMON,EMERALD_DREAM,"<b>嘲讽</b>
<b>亡语：</b>对所有敌方随从造成9点伤害。",MINION,,,,,,,,,,,,,,,,,,True,,普通,18.0,15.338154739957762,1.1735440348054258,萨满
Alex Stone,4.0,DEATHKNIGHT,True,5,115625,霜灼可比霜啄狠多了。,4.0,,FIR_901,['BATTLECRY'],霜灼巢母,DRAGON,['DRAGON'],RARE,EMERALD_DREAM,<b>战吼：</b>如果你的手牌中有具有<b>黑暗之赐</b>的随从牌，召唤两条4/4并具有<b>嘲讽</b>的龙。,MINION,,['TAUNT'],,,,,,,,,,,,,,,,True,,稀有,8.0,9.231275756211538,0.8666191121651807,
Alex Stone,2.0,DEMONHUNTER,True,2,115628,像邪能，那火焰，它使我受熬煎。,3.0,,FIR_904,['TRIGGER_VISUAL'],邪火爆焰,ELEMENTAL,['ELEMENTAL'],RARE,EMERALD_DREAM,"在你施放一个邪能
法术后，消灭本随从并对所有敌人造成
2点伤害。",MINION,,,,,,,,,,,,,,,,,,True,,稀有,5.0,4.651116518401871,1.0750106947907652,恶魔猎手
Matt Dixon,1.0,DRUID,True,1,115632,若不离本枝，一日而色变，二日就熟透了。,2.0,,FIR_908,['BATTLECRY'],火炭变色龙,BEAST,['BEAST'],COMMON,EMERALD_DREAM,<b>战吼：</b>如果你在本回合中使用过英雄技能，使一个友方随从获得+1/+2和<b>突袭</b>。,MINION,,['RUSH'],,,,获得+1/+2和<b>突袭</b>。,,,,,,,,,,,,True,,普通,3.0,3.1243967724653157,0.9601853472767609,德鲁伊
Edward Frayna,3.0,MAGE,True,4,115637,可怜的地狱火先锋，你为何这样蓝过？,6.0,,FIR_913,['TRIGGER_VISUAL'],地狱火先锋,ELEMENTAL,['ELEMENTAL'],COMMON,EMERALD_DREAM,在你施放一个火焰法术后，随机获取一张元素牌，其法力值消耗减少（3）点。,MINION,,,,,,,,,,,,,,,,,,True,,普通,9.0,7.704556010274983,1.1681399924924138,法师
Tanamaes Leejierasaes,3.0,ROGUE,True,4,115646,如果你被连拍上场十六次，你也是这副表情。,2.0,,FIR_919,['DEATHRATTLE'],永燃火凤,ELEMENTAL,"['ELEMENTAL', 'BEAST']",RARE,EMERALD_DREAM,在本回合中你每使用过一张牌，本牌的法力值消耗便减少（1）点。<b>亡语：</b>在回合结束时，获取另一张永燃火凤。,MINION,,,,,,,,,,,,,,,,,,True,,稀有,5.0,7.704556010274983,0.6489666624957855,潜行者
Ursula Dorada,2.0,NEUTRAL,True,3,115648,护花是为了择花。“她爱我……她不爱我……”,3.0,,FIR_921,['BATTLECRY'],花木护侍,DRAENEI,['DRAENEI'],RARE,EMERALD_DREAM,<b>战吼：</b>如果你已<b>灌注</b>过你的英雄技能两次，抽两张牌。,MINION,,['IMBUE'],,,,,,,,,,,,,,,,True,,稀有,5.0,6.177836264338427,0.8093448557163146,中立
Ivo Campelo da Silva,4.0,WARLOCK,True,4,115651,紫色代表隐秘。这是一团潜行的火。,3.0,,FIR_924,"['BATTLECRY', 'DISCOVER']",影焰猎豹,BEAST,"['ELEMENTAL', 'BEAST']",COMMON,EMERALD_DREAM,<b>战吼：</b><b>发现</b>一张具有<b>黑暗之赐</b>的恶魔牌，并获取一张它的复制。,MINION,,,,,,,,,,,,,,,,,,True,,普通,7.0,7.704556010274983,0.9085533274940997,术士
Matt Dixon,3.0,SHAMAN,True,3,115656,我不爱你！,2.0,,FIR_927,"['BATTLECRY', 'DISCOVER']",烬鳞雏龙,DRAGON,['DRAGON'],RARE,EMERALD_DREAM,<b>战吼：</b><b>发现</b>一张法力值消耗为（5）的牌。仅在下回合，获得1个法力水晶。,MINION,,,,,,,,,,,,,,,,,,True,,稀有,5.0,6.177836264338427,0.8093448557163146,萨满
James Ryman,5.0,WARRIOR,True,5,115653,“我把烈焰护在这儿，就藏在蹄子里。”,5.0,,FIR_928,['BATTLECRY'],烈焰守护者,,,RARE,EMERALD_DREAM,<b>战吼：</b>使你手牌中的所有随从牌获得+3/+3，这些牌会在3回合后摧毁。,MINION,,,,,,,,,,,,,,,,,,True,,稀有,10.0,9.231275756211538,1.0832738902064758,战士
Brian Despain,3.0,NEUTRAL,True,2,115655,“看看这家火。”,2.0,,FIR_929,['DEATHRATTLE'],活体烈焰,ELEMENTAL,['ELEMENTAL'],COMMON,EMERALD_DREAM,<b>亡语：</b>抽一张火焰法术牌。,MINION,,,,,,,,,,,,,,,,,,True,,普通,5.0,4.651116518401871,1.0750106947907652,中立
Mike Sass,4.0,NEUTRAL,True,6,115654,炎术师和驭焰者有什么区别？前者能熟练掌握两个名字的希腊语词根，而后者能将其付！之！一！炬！,4.0,,FIR_940,['BATTLECRY'],扎卡利驭焰者,,,EPIC,EMERALD_DREAM,<b>战吼：</b>如果你每张手牌的法力值消耗各不相同，使其法力值消耗减少（2）点。,MINION,,,,,,,,,,,,,,,,,,True,,史诗,8.0,10.757995502148095,0.7436329563813822,中立
Alex Horley Orlandelli,5.0,DEATHKNIGHT,True,8,115748,邪恶，燃起来了！,5.0,,FIR_951,"['BATTLECRY', 'RUSH', 'TAUNT']",沃尔科罗斯,ELEMENTAL,"['ELEMENTAL', 'BEAST']",LEGENDARY,EMERALD_DREAM,<b>突袭。嘲讽</b>。<b>战吼：</b>选择消耗10份，20份或30份<b>残骸</b>以获得等量属性值。,MINION,,,,True,"{'blood': 0, 'frost': 0, 'unholy': 2}",,,,,,,,,,,,,True,,传说,10.0,13.811434994021205,0.7240377270232147,
Slawomir Maniak,4.0,DEMONHUNTER,True,4,115749,10000年前就信了邪。,4.0,,FIR_952,"['BATTLECRY', 'DISCOVER']",灼热掠夺者,,,COMMON,EMERALD_DREAM,<b>战吼：</b><b>发现</b>一张邪能法术牌。使你手牌中邪能法术牌的法力值消耗减少（1）点。,MINION,,,,,,,,,,,,,,,,,,True,,普通,8.0,7.704556010274983,1.0383466599932567,恶魔猎手
Juan Calle,5.0,HUNTER,True,8,115751,千万不要提起零食，不然他的熔涎肯定淌得到处都是。,8.0,,FIR_953,"['RUSH', 'TRIGGER_VISUAL']",熔岩猎犬,BEAST,"['ELEMENTAL', 'BEAST']",RARE,EMERALD_DREAM,<b>突袭</b>。在本随从攻击随从并存活下来后，造成等同于本随从攻击力的伤害，随机分配到所有敌人身上。,MINION,,,,,,,,,,,,,,,,,,True,,稀有,13.0,13.811434994021205,0.941249045130179,猎人
Luca Zontini,3.0,WARLOCK,True,3,115754,在菲莱克的火力之下，哪怕是最虔诚的自然信徒也难免要燃起来。,3.0,,FIR_955,['TRIGGER_VISUAL'],烬根毁灭者,,,COMMON,EMERALD_DREAM,每当你的英雄在你的回合受到伤害，随机对一个敌方随从造成3点伤害。,MINION,,,,,,,,,,,,,,,,,,True,,普通,6.0,6.177836264338427,0.9712138268595775,术士
Gabor Szikszai,3.0,WARRIOR,True,4,115755,盘踞在岩浆池里的恶龟已经够酷了，何况它还属于龙族！,6.0,,FIR_956,['BATTLECRY'],龙龟,BEAST,"['BEAST', 'DRAGON']",RARE,EMERALD_DREAM,<b>战吼：</b>如果你的手牌中有具有<b>黑暗之赐</b>的随从牌，使你的英雄获得6点护甲值以及本回合中的+3攻击力。,MINION,,,,,,,,,,,,,,,,,,True,,稀有,9.0,7.704556010274983,1.1681399924924138,战士
James Ryman,4.0,NEUTRAL,True,4,115759,他能把你烧个火红。,3.0,,FIR_958,['DEATHRATTLE'],丁达尔·迅贤,,,LEGENDARY,EMERALD_DREAM,<b>亡语：</b>对所有敌人造成1点伤害。如果此时是你对手的回合，改为造成4点。,MINION,,,,True,,,,,,,,,,,,,,True,,传说,7.0,7.704556010274983,0.9085533274940997,中立
Kevin Sidharta,7.0,NEUTRAL,True,10,115756,起初，菲莱克单纯只是想消除泰坦的影响，可暗影烈焰渐渐扭曲了他的心智，将其拖入了邪恶的深渊。如今，他挥舞着梦境之瞑，渴望将这世界化为灰烬。,7.0,,FIR_959,['BATTLECRY'],火光之龙菲莱克,DRAGON,['DRAGON'],LEGENDARY,EMERALD_DREAM,<b>免疫</b>火焰法术。<b>战吼：</b>随机对敌人施放消耗总计15点法力值的火焰法术。,MINION,,['IMMUNE'],,True,,,,,,True,,,,,,,,True,,传说,14.0,16.86487448589432,0.8301277315588395,中立
Ramzy Kamen,5.0,HUNTER,True,5,115960,狗狗是龙族最好的朋友。,4.0,,FIR_960,['BATTLECRY'],龙裔护育师,DRAGON,['DRAGON'],COMMON,EMERALD_DREAM,<b>战吼：</b>复制你手牌中法力值消耗最低的野兽牌。,MINION,,,,,,,,,,,,HORDE,,,,,,True,,普通,9.0,9.231275756211538,0.9749465011858283,猎人
Felideus Bubastis,3.0,PALADIN,True,2,115972,枝叶本生同一树，大难临头各自灰。,2.0,,FIR_961,['BATTLECRY'],灰叶树精,,,RARE,EMERALD_DREAM,<b>战吼：</b>如果你的手牌中有法力值消耗大于或等于（5）点的法术牌，获得<b>圣盾</b>和<b>吸血</b>。,MINION,,"['DIVINE_SHIELD', 'LIFESTEAL']",,,,,,,,,,,,,,,,True,,稀有,5.0,4.651116518401871,1.0750106947907652,圣骑士
Dave Kendall,2.0,DEATHKNIGHT,True,2,78353,敬请期待：手牌通灵师和牌库通灵师。,2.0,使用死亡骑士赢得50场对战后解锁。,RLK_061,['TRIGGER_VISUAL'],战场通灵师,,,COMMON,CORE,在你的回合结束时，将一份<b>残骸</b>复活为1/3并具有<b>嘲讽</b>的复活的步兵。,MINION,,['TAUNT'],,,"{'blood': 0, 'frost': 0, 'unholy': 2}",,,,,,,,,,与死亡骑士职业一同解锁。,,,,,普通,4.0,4.651116518401871,0.8600085558326122,
Valeria Styajkina,3.0,DEATHKNIGHT,True,4,86731,天生的领袖。复生了也还是领袖。,3.0,使用死亡骑士赢得500场对战后解锁。,RLK_223,"['BATTLECRY', 'DEATHRATTLE', 'REBORN']",萨萨里安,UNDEAD,['UNDEAD'],LEGENDARY,CORE,<b>复生</b>。<b>战吼，亡语：</b>随机对一个敌人造成2点伤害。,MINION,,,,True,"{'blood': 0, 'frost': 1, 'unholy': 0}",,,,,,,,,,与死亡骑士职业一同解锁。,,,,,传说,6.0,7.704556010274983,0.7787599949949425,
MAR Studio,1.0,DEATHKNIGHT,True,1,80818,包在它身上。,3.0,使用死亡骑士赢得50场对战后解锁。,RLK_503,['BATTLECRY'],扛包收尸人,UNDEAD,['UNDEAD'],COMMON,CORE,<b>战吼：</b>获得一份<b>残骸</b>。,MINION,,,,,,,,,,,,,,,与死亡骑士职业一同解锁。,,,,,普通,4.0,3.1243967724653157,1.2802471297023479,
Angelina Chernyak,3.0,DEATHKNIGHT,True,2,81972,寒冬：它先请。,2.0,使用死亡骑士赢得50场对战后解锁。,RLK_511,['DEATHRATTLE'],寒冬先锋,UNDEAD,['UNDEAD'],COMMON,CORE,<b>亡语：</b>抽一张冰霜法术牌。,MINION,,,,,"{'blood': 0, 'frost': 1, 'unholy': 0}",,,,,,,,,,与死亡骑士职业一同解锁。,,,,,普通,5.0,4.651116518401871,1.0750106947907652,
Greg Staples,2.0,DEATHKNIGHT,True,3,80647,零上十五度，大家都说冷，男爵很不爽。,2.0,使用死亡骑士赢得50场对战后解锁。,RLK_708,"['BATTLECRY', 'DEATHRATTLE']",堕寒男爵,UNDEAD,"['UNDEAD', 'DRAENEI']",COMMON,CORE,<b>战吼，亡语：</b>抽一张牌。,MINION,,,,,,,,,,,,,,,与死亡骑士职业一同解锁。,,,,,普通,4.0,6.177836264338427,0.6474758845730517,
Mauricio Herrera,5.0,DEATHKNIGHT,True,6,80819,侏儒的口感嘛，怪好嚼的。,6.0,使用死亡骑士赢得50场对战后解锁。,RLK_720,"['LIFESTEAL', 'TAUNT', 'TRIGGER_VISUAL']",侏儒嚼嚼怪,UNDEAD,['UNDEAD'],COMMON,CORE,<b>嘲讽</b>，<b>吸血</b>。在你的回合结束时，攻击生命值最低的敌人。,MINION,,,,,,,,,,,,,,,与死亡骑士职业一同解锁。,,,,,普通,11.0,10.757995502148095,1.0224953150244005,
Kevin Sidharta,1.0,DEATHKNIGHT,True,1,86190,不仅保你背后无忧，还能助你一臂之力。,2.0,使用死亡骑士赢得50场对战后解锁。,RLK_958,['BATTLECRY'],骷髅帮手,UNDEAD,['UNDEAD'],COMMON,CORE,<b>战吼：</b>使一个友方亡灵获得+2攻击力。,MINION,,,,,,使一个友方亡灵获得+2攻击力。,,,,,,,,,与死亡骑士职业一同解锁。,,1.0,,,普通,3.0,3.1243967724653157,0.9601853472767609,
Christina Kraus,3.0,NEUTRAL,True,5,119312,连出四张死亡轮盘的概率微乎其微。这也算是一种幸运！,5.0,,TIME_002,['BATTLECRY'],永世巫师,,,COMMON,TIME_TRAVEL,"<b>回溯</b>。<b>战吼：</b>随机获取2张你职业的
法术牌。",MINION,,,,,,,,,,,,,,,,,,,,普通,8.0,9.231275756211538,0.8666191121651807,中立
Ramzy Kamen,2.0,NEUTRAL,True,3,119314,“不要再抽鼬鼠挖掘工了！”,2.0,打开<i>穿越时间流</i>金色包后可解锁。,TIME_003,['BATTLECRY'],传送门卫士,DRAGON,['DRAGON'],RARE,TIME_TRAVEL,<b>回溯</b>。<b>战吼：</b>随机抽一张随从牌，使其获得+2/+2。,MINION,,,,,,,,,,,,,,,打开<i>穿越时间流</i>卡牌包后可解锁。,,,,,稀有,4.0,6.177836264338427,0.6474758845730517,中立
Ian Ameling,7.0,NEUTRAL,True,7,119317,请把我的仇家全都扫掉。,7.0,购买<i>穿越时间流</i>炉石通行证后开放解锁。,TIME_004,['BATTLECRY'],时光流汇扫荡者,DRAGON,['DRAGON'],EPIC,TIME_TRAVEL,"<b>回溯</b>。<b>战吼：</b>随机对一个敌人造成7点
伤害。",MINION,,,,,,,,,,,,,,,,,,,,史诗,14.0,12.284715248084652,1.1396275548334573,中立
Alex Horley Orlandelli,10.0,WARLOCK,True,10,119432,时空大盗拉法姆纠集了各个平行世界的自己，意图统治所有的时空！姆诺兹多不过是一时之间的小小障碍……,10.0,,TIME_005,['BATTLECRY'],时空大盗拉法姆,,,LEGENDARY,TIME_TRAVEL,"<b>奇闻+</b>
你的套牌容量为40，但其中有10张拉法姆！<b>战吼：</b>如果你使用过其余拉法姆，消灭敌方英雄。@<i>（还剩{0}个！）</i>@<i>（已经就绪！）</i>",MINION,"<b>奇闻+</b>
你的套牌容量为40，但其中有10张拉法姆！<b>战吼：</b>如果你使用过其余拉法姆，消灭敌方英雄。",,,True,,,,,,,,,,,,,,,,传说,20.0,16.86487448589432,1.1858967593697707,术士
Juan Calle,3.0,WARLOCK,True,3,119545,过去的……就让他说去吧。,3.0,,TIME_008,['BATTLECRY'],过去的末日宣言者,,,EPIC,TIME_TRAVEL,<b>回溯</b>。<b>战吼：</b>双方玩家各随机弃一张牌。,MINION,,,,,,,,,,,,,,,,,,,,史诗,6.0,6.177836264338427,0.9712138268595775,术士
James Ryman,6.0,PALADIN,True,8,119918,在某条未来的时间线中，格尔宾发明出了用机甲保存大脑的方法，并带领侏儒一族奔向了以圣光为能源的光明未来。,6.0,,TIME_009,['BATTLECRY'],明日巨匠格尔宾,MECHANICAL,['MECHANICAL'],LEGENDARY,TIME_TRAVEL,"<b>奇闻</b>
<b>战吼：</b>将每种不同的光环从你的牌库中置入战场。",MINION,,,,True,,,,,,,,,,,,,,,,传说,12.0,13.811434994021205,0.8688452724278576,圣骑士
Max Grecke,2.0,SHAMAN,True,4,119686,她冥想了两个星期，心无旁骛地探知着宇宙的每一个角落，事无巨细，无所不包。当她从冥想中醒来，口中只吐出了一个声音：“喔。”,6.0,,TIME_013,"['DISCOVER', 'ELUSIVE', 'TRIGGER_VISUAL']",先知者沃,,,LEGENDARY,TIME_TRAVEL,<b>扰魔</b>。在你施放一个法术后，<b>发现</b>一张来自过去的自然法术牌。,MINION,,,,True,,,,,,True,,,,,,,,,,传说,8.0,7.704556010274983,1.0383466599932567,萨满
Daniil Kudriavtsev,2.0,PALADIN,True,2,119963,保卫更加光明的未来。,1.0,,TIME_015,"['BATTLECRY', 'DIVINE_SHIELD']",强光护卫,MECHANICAL,['MECHANICAL'],COMMON,TIME_TRAVEL,<b>圣盾</b>。<b>战吼：</b>为你的英雄恢复#3点生命值并使其获得<b>圣盾</b>。,MINION,,,,,,,,,,,,,,,,,,,,普通,3.0,4.651116518401871,0.6450064168744591,圣骑士
Matt Dixon,2.0,PALADIN,True,4,119965,它什么都能修——只要是坦克。,1.0,,TIME_017,"['DEATHRATTLE', 'DIVINE_SHIELD']",坦克机械师,MECHANICAL,['MECHANICAL'],COMMON,TIME_TRAVEL,"<b>圣盾</b>。<b>亡语：</b>召唤一辆7/7并具有<b>圣盾</b>
的坦克。",MINION,,,,,,,,,,,,,,,,,,,,普通,3.0,7.704556010274983,0.38937999749747126,圣骑士
Daniil Kudriavtsev,3.0,PALADIN,True,4,120011,稍等，我这就把我的光环具象化。,3.0,购买<i>穿越时间流</i>炉石通行证后开放解锁。,TIME_019,['BATTLECRY'],时间流具象,ELEMENTAL,['ELEMENTAL'],RARE,TIME_TRAVEL,<b>战吼：</b>如果你控制着光环，对所有敌人造成3点伤害。,MINION,,,,,,,,,,,,,,,,,,,,稀有,6.0,7.704556010274983,0.7787599949949425,圣骑士
Luca Zontini,12.0,DEMONHUNTER,True,2,120074,布洛克斯的临终一击伤到了萨格拉斯。这项光辉战绩在兽人英雄当中无人可及。,12.0,,TIME_020,"['CHARGE', 'START_OF_GAME_KEYWORD']",布洛克斯加,,,LEGENDARY,TIME_TRAVEL,"<b>奇闻
冲锋。</b><b>对战开始时：</b>消失。
消灭全部4个来自阿古斯的恶魔以重新出现在[x]手牌中。",MINION,,,,True,,,,,,,,,,,,,,,,传说,24.0,4.651116518401871,5.160051334995673,恶魔猎手
Danny Beck,5.0,DEMONHUNTER,True,5,120179,我让出了自己的食品储藏空间来存放各种耐储存的物品。你又牺牲了什么？,4.0,,TIME_021,['OUTCAST'],末日准备狂,,,EPIC,TIME_TRAVEL,<b>流放：</b>直到你的下个回合，你的英雄<b>免疫</b>。,MINION,,['IMMUNE'],,,,,,,,,,,,,,,,,,史诗,9.0,9.231275756211538,0.9749465011858283,恶魔猎手
Jaemin Kim,7.0,DEMONHUNTER,True,8,120181,如果有得选，我更愿意在院子里饲养应季的新鲜巨蛇。,9.0,,TIME_022,['RUSH'],累世巨蛇,BEAST,['BEAST'],RARE,TIME_TRAVEL,<b>突袭</b>。如果有<b>休眠</b>的随从，本牌的法力值消耗减少（4）点。,MINION,,,,,,,,,,,,,,,,,,,,稀有,16.0,13.811434994021205,1.1584603632371435,恶魔猎手
Zoltan Boros,8.0,NEUTRAL,True,9,120266,啊？？下回合我岂不是有无穷+1！,8.0,,TIME_024,['BATTLECRY'],无限巨龙姆诺兹多,DRAGON,['DRAGON'],LEGENDARY,TIME_TRAVEL,<b>战吼：</b>在你的下个回合开始时，将本随从的攻击力变为无穷大！,MINION,,,,True,,,,,,,,,,,,,,,,传说,16.0,15.338154739957762,1.0431502531603787,中立
Mauricio Herrera,4.0,WARLOCK,True,2,120482,只需跃迁一点点。,4.0,,TIME_025,['BATTLECRY'],暮光时空跃迁者,DRAGON,['DRAGON'],COMMON,TIME_TRAVEL,<b>战吼：</b>将2张时空撕裂洗入你的牌库。抽到时空撕裂时会对你的英雄造成3点伤害。,MINION,,,,,,,,,,,,,,,,,,,,普通,8.0,4.651116518401871,1.7200171116652243,术士
Guillaume Beauchêne,4.0,WARLOCK,True,4,120487,去他的龙命！我命由我不由天！,4.0,,TIME_028,"['BATTLECRY', 'LIFESTEAL']",破命之龙,DRAGON,['DRAGON'],RARE,TIME_TRAVEL,<b>吸血</b>。<b>战吼：</b>从你的牌库中施放一张时空撕裂以获得+3/+3。,MINION,,,,,,,,,,,,,,,,,,,,稀有,8.0,7.704556010274983,1.0383466599932567,术士
Edgar Hidalgo,5.0,WARLOCK,True,5,120488,如果你的迅疾幼龙能接近光速，那么时间就会变慢。,5.0,,TIME_029,"['BATTLECRY', 'RUSH']",灾毁迅疾幼龙,DRAGON,['DRAGON'],COMMON,TIME_TRAVEL,<b>突袭</b>。<b>战吼：</b>从你的牌库中施放一张时空撕裂以召唤一个本随从的复制。,MINION,,,,,,,,,,,,,,,,,,,,普通,10.0,9.231275756211538,1.0832738902064758,术士
Brian Adriel,6.0,WARLOCK,True,6,120491,“起飞！我准备好了！”“我还没准备好！”,7.0,,TIME_032,['BATTLECRY'],克洛诺戈尔,DRAGON,['DRAGON'],LEGENDARY,TIME_TRAVEL,<b>战吼：</b>你抽取你法力值消耗最高的两张牌，你的对手抽取你法力值消耗最低的两张牌。,MINION,,,,True,,,,,,,,,,,,,,,,传说,13.0,10.757995502148095,1.208403554119746,术士
Stefano Spagnuolo,3.0,DRUID,True,6,120499,看起来很美——直到你发现这其实是入侵物种。,5.0,,TIME_033,['BATTLECRY'],再生德鲁伊,,,COMMON,TIME_TRAVEL,<b>回溯</b>。<b>战吼：</b>随机施放2个自然法术。,MINION,,,,,,,,,,,,,,,,,,,,普通,8.0,10.757995502148095,0.7436329563813822,德鲁伊
Kleston Marques,3.0,WARRIOR,True,4,120503,“注意了！”“人体大炮！！”,3.0,,TIME_034,['BATTLECRY'],现场播报员,DRAGON,['DRAGON'],RARE,TIME_TRAVEL,<b>回溯</b>。<b>战吼：</b>双方玩家各随机装备一把武器，使你的武器获得+1/+1。,MINION,,,,,,,,,,,,,,,,,,,,稀有,6.0,7.704556010274983,0.7787599949949425,战士
Brian Despain,6.0,NEUTRAL,True,6,120506,博士，你居然造出了时间机器……用冰箱造的？,6.0,购买<i>穿越时间流</i>炉石通行证后开放解锁。,TIME_035,"['DEATHRATTLE', 'TAUNT']",时间机器,MECHANICAL,['MECHANICAL'],COMMON,TIME_TRAVEL,<b>嘲讽</b>。<b>亡语：</b>随机获取一张<b>回溯</b>牌。,MINION,,,,,,,,,,,,,,,,,,,,普通,12.0,10.757995502148095,1.1154494345720734,中立
Ursula Dorada,2.0,ROGUE,True,3,120534,“嘘，保密……那个戴着王冠的人，是国王。”,4.0,,TIME_036,['BATTLECRY'],王室线人,,,EPIC,TIME_TRAVEL,<b>战吼：</b>检视你对手最右边的手牌。获取该牌的一张复制，或者使其法力值消耗增加（2）点。,MINION,,,,,,,,,,,,,,,,,,,,史诗,6.0,6.177836264338427,0.9712138268595775,潜行者
Vika Yarova,2.0,PRIEST,True,3,120547,鸽子圣徒，人称鸽圣。,2.0,,TIME_037,['BATTLECRY'],白鸽学徒,,,COMMON,TIME_TRAVEL,<b>战吼：</b>抽一张随从牌。使你手牌中的随从牌获得+2生命值。,MINION,,,,,,,,,,,,,,,,,,,,普通,4.0,6.177836264338427,0.6474758845730517,牧师
Stefan Bogdasarov,3.0,NEUTRAL,True,8,120646,“先生，请问您的钟表价值几何？”“时分珍贵啊，亲爱的孩子。”,3.0,购买<i>穿越时间流</i>炉石通行证后开放解锁。,TIME_038,['BATTLECRY'],钟表先生克劳沃斯,MECHANICAL,['MECHANICAL'],LEGENDARY,TIME_TRAVEL,"<b>回溯</b>，<b>回溯</b>，<b>回溯</b>
<b>战吼：</b>随机召唤2个<b>传说</b>随从。",MINION,,,,True,,,,,,,,,,,打开<i>穿越时间流</i>卡牌包后可解锁。,,,,,传说,6.0,13.811434994021205,0.4344226362139288,中立
AJ Nazzaro,6.0,NEUTRAL,True,4,120782,我想到了一条绝妙的卡牌趣文……怎么又忘了？,3.0,,TIME_040,['DEATHRATTLE'],消散的回忆,UNDEAD,['UNDEAD'],COMMON,TIME_TRAVEL,<b>亡语：</b>随机获取一张来自过去的法力值消耗为（5）的随从牌。,MINION,,,,,,,,,,,,,,,,,,,,普通,9.0,7.704556010274983,1.1681399924924138,中立
James Ryman,4.0,NEUTRAL,True,4,120784,当心不要变成自己的先祖。,4.0,,TIME_041,['BATTLECRY'],未来主义先祖,,,EPIC,TIME_TRAVEL,<b>嘲讽</b>。<b>战吼：</b>检视三张卡牌。猜中来自你对手手牌中的卡牌，则获得+4生命值。,MINION,,['TAUNT'],,,,,,,,,,,,,,,,,,史诗,8.0,7.704556010274983,1.0383466599932567,中立
Juan Calle,5.0,HUNTER,True,4,120795,抛弃手中的牌，重新追本溯猿。,6.0,,TIME_042,['BATTLECRY'],穆拉克,BEAST,['BEAST'],LEGENDARY,TIME_TRAVEL,<b>战吼：</b>弃掉你的手牌。获取一张无穷香蕉。,MINION,,,,True,,,,,,,,,,,,,,,,传说,11.0,7.704556010274983,1.427726657490728,猎人
Ivan Fomin,4.0,PALADIN,True,6,120818,没人知道永动体现在哪里。,4.0,,TIME_043,['BATTLECRY'],无穷永动机,MECHANICAL,['MECHANICAL'],RARE,TIME_TRAVEL,<b>战吼：</b>将一个友方随从的攻击力和生命值变为8。该随从在本回合中无法攻击英雄。,MINION,,,,,,变成8/8。,,,,,,,,,,,,,,稀有,8.0,10.757995502148095,0.7436329563813822,圣骑士
Matt Dixon,1.0,NEUTRAL,True,3,120856,。啊爱可好哇,4.0,,TIME_045,"['POISONOUS', 'REBORN']",永恒雏龙,DRAGON,['DRAGON'],COMMON,TIME_TRAVEL,<b>剧毒</b>。<b>复生</b>,MINION,,,,,,,,,,,,,,,,,,,,普通,5.0,6.177836264338427,0.8093448557163146,中立
Mike Sass,3.0,NEUTRAL,True,3,120857,我们有技术，也有香蕉，当然可以重造他的身体。,12.0,,TIME_046,['TAUNT'],赛博格族长,BEAST,"['MECHANICAL', 'BEAST']",COMMON,TIME_TRAVEL,<b>休眠</b>3回合。<b>嘲讽</b>,MINION,,,,,,,,,,,,,,,,,,,,普通,15.0,6.177836264338427,2.4280345671489436,中立
Max Grecke,5.0,NEUTRAL,True,5,120859,不要受它的鱼弄！,3.0,,TIME_047,['STEALTH'],狡诈的郊狼,BEAST,['BEAST'],COMMON,TIME_TRAVEL,<b>潜行</b>。在本回合中，敌方英雄每受到一次伤害，本牌的法力值消耗便减少（1）点。,MINION,,,,,,,,,,,,,,,,,,,,普通,8.0,9.231275756211538,0.8666191121651807,中立
Felideus Bubastis,5.0,NEUTRAL,True,5,120860,“根据我的记录，你迟到了两分钟！！”,1.0,,TIME_048,['BATTLECRY'],钟表发条暴怒者,MECHANICAL,['MECHANICAL'],COMMON,TIME_TRAVEL,<b>战吼：</b>在本局对战中，你每进行过一个回合，便获得+1生命值。0<i>（已进行过0个回合）</i>,MINION,,,,,,,,,,,,,,,,,,,,普通,6.0,9.231275756211538,0.6499643341238855,中立
Matt Dixon,1.0,NEUTRAL,True,2,120944,我觉得我是<i>改良</i>的异变体。,1.0,,TIME_049,['TRIGGER_VISUAL'],危险的异变体,,,COMMON,TIME_TRAVEL,在你的回合开始时，随机变形成为一个法力值消耗为（5）的随从。,MINION,,,,,,,,,,,,,,,,,,,,普通,2.0,4.651116518401871,0.4300042779163061,中立
Todd Harris,4.0,NEUTRAL,True,6,120947,人人都在意它转得对不对，没有人在意它转得累不累。,9.0,,TIME_050,"['RUSH', 'TRIGGER_VISUAL']",灵知沙漏,ELEMENTAL,['ELEMENTAL'],COMMON,TIME_TRAVEL,<b>突袭</b>。在本随从受到伤害并存活下来后，其攻击力和生命值互换。,MINION,,,,,,,,,,,,,,,,,,,,普通,13.0,10.757995502148095,1.208403554119746,中立
Zoltan Boros,3.0,NEUTRAL,True,5,120949,龙族士兵接受了一个世纪的永恒化后，这是他的身体发生的变化。,5.0,,TIME_051,"['BATTLECRY', 'RUSH']",永恒龙士兵,DRAGON,['DRAGON'],RARE,TIME_TRAVEL,<b>突袭</b>。<b>战吼：</b>本随从的攻击力翻倍。,MINION,,,,,,,,,,,,,,,,,,,,稀有,8.0,9.231275756211538,0.8666191121651807,中立
Sergey Tsvelykh,4.0,NEUTRAL,True,8,120951,对于琥珀守卫而言，这是生命中最重要的时刻。对于我而言，那不过是第八回合。,12.0,,TIME_052,"['DEATHRATTLE', 'TAUNT']",琥珀守卫,DRAGON,['DRAGON'],EPIC,TIME_TRAVEL,"<b>嘲讽</b>。<b>亡语：</b>随机召唤一个来自过去的
随从。",MINION,,,,,,,,,,,,,,,,,,,,史诗,16.0,13.811434994021205,1.1584603632371435,中立
Kevin Sidharta,7.0,NEUTRAL,True,3,120954,最爱的风味：香草。,2.0,,TIME_053,,流沙巨口,BEAST,"['ELEMENTAL', 'BEAST']",COMMON,TIME_TRAVEL,,MINION,,,,,,,,,,,,,,,,,,,,普通,9.0,6.177836264338427,1.4568207402893663,中立
Kati Sarin,3.0,NEUTRAL,True,4,120955,呃，我决定跳过这个世纪了，真的“艇”无聊的。,4.0,,TIME_054,['TRIGGER_VISUAL'],时空艇长,PIRATE,['PIRATE'],COMMON,TIME_TRAVEL,在每个玩家的回合结束时，使其获得一张幸运币。,MINION,,,,,,,,,,,,,,,,,,,,普通,7.0,7.704556010274983,0.9085533274940997,中立
Brian Despain,4.0,NEUTRAL,True,5,120958,仔细一想，我们都是来自过去的时空旅人。,5.0,购买<i>穿越时间流</i>炉石通行证后开放解锁。,TIME_055,"['ENRAGED', 'TRIGGER_VISUAL']",未知旅客,,,RARE,TIME_TRAVEL,在本随从受到伤害并存活下来后，随机变形成为一个法力值消耗为（7）的随从。,MINION,,,,,,,,,,,,,,,,,,,,稀有,9.0,9.231275756211538,0.9749465011858283,中立
Matt Dixon,4.0,NEUTRAL,True,3,120961,哇好可爱啊。,1.0,购买<i>穿越时间流</i>炉石通行证后开放解锁。,TIME_056,"['DIVINE_SHIELD', 'LIFESTEAL']",青铜雏龙,DRAGON,['DRAGON'],COMMON,TIME_TRAVEL,<b>吸血</b>。<b>圣盾</b>,MINION,,,,,,,,,,,,,,,,,,,,普通,5.0,6.177836264338427,0.8093448557163146,中立
Caroline Gariba,4.0,NEUTRAL,True,4,120962,他每一段故事的开头都是“想当初，我……”,5.0,,TIME_057,['BATTLECRY'],年迈的真理追寻者,DRAENEI,['DRAENEI'],COMMON,TIME_TRAVEL,<b>战吼：</b>将双方玩家手牌中每张牌的法力值消耗变回原消耗。,MINION,,,,,,,,,,,,,,,,,,,,普通,9.0,7.704556010274983,1.1681399924924138,中立
Tanamaes Leejierasaes,1.0,NEUTRAL,True,1,120964,当心，振翅蝶效应的后果更危险！,1.0,,TIME_058,['DEATHRATTLE'],渺小的振翅蝶,BEAST,['BEAST'],RARE,TIME_TRAVEL,"<b>亡语：</b>随机召唤一个
法力值消耗为（2）并<b>休眠</b>2回合的随从。",MINION,,,,,,,,,,,,,,,,,,,,稀有,2.0,3.1243967724653157,0.6401235648511739,中立
Max Grecke,2.0,NEUTRAL,True,3,120966,只要找到正确的复制体就可以了。,1.0,购买<i>穿越时间流</i>炉石通行证后开放解锁。,TIME_059,"['BATTLECRY', 'ELUSIVE']",悖论活体,,,COMMON,TIME_TRAVEL,<b>扰魔</b>。<b>战吼：</b>召唤两个2/1并具有<b>扰魔</b>的悖论活体。,MINION,,,,,,,,,,,,,,,,,,,,普通,3.0,6.177836264338427,0.48560691342978873,中立
Matt Dixon,4.0,NEUTRAL,True,3,120976,这不公平！因为你的观测行为，整个结果都变了！,9.0,,TIME_060,,量子反稳定机,MECHANICAL,['MECHANICAL'],COMMON,TIME_TRAVEL,本随从受到的所有伤害翻倍。,MINION,,,,,,,,,,,,,,,,,,,,普通,13.0,6.177836264338427,2.104296624862418,中立
Stefan Bogdasarov,3.0,NEUTRAL,True,2,120977,越时相关性和越时因果有很大区别。,2.0,,TIME_061,['BATTLECRY'],越时因果,ELEMENTAL,['ELEMENTAL'],EPIC,TIME_TRAVEL,<b>战吼：</b>倒转你的牌库排序。,MINION,,,,,,,,,,,,,,,,,,,,史诗,5.0,4.651116518401871,1.0750106947907652,中立
Vika Yarova,3.0,NEUTRAL,True,4,120979,不需要强行加设定！,6.0,,TIME_062,['BATTLECRY'],史书守护者,,,COMMON,TIME_TRAVEL,<b>战吼：</b>如果你的手牌中有龙牌，则获得<b>嘲讽</b>和<b>圣盾</b>。,MINION,,"['DIVINE_SHIELD', 'TAUNT']",,,,,,,,,,,,,,,,,,普通,9.0,7.704556010274983,1.1681399924924138,中立
Stefan Bogdasarov,8.0,NEUTRAL,True,3,120981,我们本想让他<b>休眠</b>15秒，但后来发现实在太短了。,8.0,,TIME_063,['RUSH'],时光之主诺兹多姆,DRAGON,['DRAGON'],LEGENDARY,TIME_TRAVEL,<b>休眠</b>5回合。<b>突袭</b>。在你使用一张最新扩展包的牌后，提前1回合唤醒。,MINION,,,,True,,,,,,True,,,,,,,,,,传说,16.0,6.177836264338427,2.589903538292207,中立
James Ryman,4.0,NEUTRAL,True,7,120985,戴……欧斯。德——哎爱——欧斯……,8.0,购买<i>穿越时间流</i>炉石通行证后开放解锁。,TIME_064,['AURA'],时空领主戴欧斯,,,LEGENDARY,TIME_TRAVEL,你的<b>战吼</b>，<b>亡语</b>，英雄技能和回合结束效果会触发两次。,MINION,,"['BATTLECRY', 'DEATHRATTLE']",,True,,,,,,,,,,,可以在<i>穿越时间流</i>奖励路线中获得该奖励。,,,,,传说,12.0,12.284715248084652,0.9768236184286776,中立
Matt Dixon,2.0,NEUTRAL,True,4,121051,花了大力气来保持沙漏形体。,4.0,,TIME_100,"['DIVINE_SHIELD', 'TRIGGER_VISUAL']",沙漏侍者,,,COMMON,TIME_TRAVEL,<b>圣盾</b>。在你的回合结束时，使你手牌中的所有随从牌获得+1/+1。,MINION,,,,,,,,,,,,HORDE,,,,,,,,普通,6.0,7.704556010274983,0.7787599949949425,中立
Tanamaes Leejierasaes,4.0,NEUTRAL,True,3,121670,糟了！时间线<b>裂变</b>了！,3.0,,TIME_101,['TRIGGER_VISUAL'],穿越的炎术士,,,COMMON,TIME_TRAVEL,每当你<b>裂变</b>一张牌时，对所有敌方随从造成2点伤害。,MINION,,,,,,,,,,,,,,,,,,,,普通,7.0,6.177836264338427,1.1330827980028404,中立
Felideus Bubastis,2.0,NEUTRAL,True,3,121671,“我就是自己的闹钟。”,2.0,购买<i>穿越时间流</i>炉石通行证后开放解锁。,TIME_102,['BATTLECRY'],昼夜节律术师,,,EPIC,TIME_TRAVEL,<b>战吼：</b>随机将一张法力值消耗为（8）的随从牌置入你的手牌，在你的回合开始时，其法力值消耗减少（1）点。,MINION,,,,,,,,,,,,,,,,,,,,史诗,4.0,6.177836264338427,0.6474758845730517,中立
Ivan Fomin,4.0,NEUTRAL,True,6,121672,克罗米上下求索，可就是找不到足以对抗姆诺兹多的英雄团队。至少，<i>这</i>条时间线不够……,6.0,,TIME_103,['DEATHRATTLE'],克罗米,,,LEGENDARY,TIME_TRAVEL,<b>亡语：</b>抽取你在本局对战中使用过的每张牌的另一张复制。0<i>（抽0张牌）</i>,MINION,,,,True,,,,,,True,,,,,,,,,,传说,10.0,10.757995502148095,0.9295411954767278,中立
Timur Shevtsov,3.0,SHAMAN,True,5,119643,铁炉堡的史书中最为惨痛的一笔，莫过于穆拉丁国王亲手击毙了堕落的王子阿尔萨斯。巫妖王未能崛起，驭雷者团结如初，可是王子的死还是给联盟留下了一道嫌隙，永远无法弥合。,2.0,,TIME_209,"['BATTLECRY', 'DEATHRATTLE', 'RUSH']",高山之王穆拉丁,,,LEGENDARY,TIME_TRAVEL,"<b>奇闻</b>
<b>突袭</b>。<b>战吼：</b>为本随从装备高山之王的战锤！<b>亡语：</b>将该战锤置入你的手牌。",MINION,,,,True,,,,,,,,,,,,,,,,传说,5.0,9.231275756211538,0.5416369451032379,萨满
Eva Widermann,5.0,DRUID,True,5,119928,艾萨拉曾是卡多雷一族仁善的女王。而在某条时间线中，她一直都是这样的女王。,5.0,,TIME_211,['CHOOSE_ONE'],艾萨拉女士,,,LEGENDARY,TIME_TRAVEL,"<b>奇闻</b>
<b>抉择：</b>强化辛艾萨莉；或者永恒之井。<i>（未选择的选项会被摧毁！）</i>",MINION,,,,True,,,,,,,,,,,,,,,,传说,10.0,9.231275756211538,1.0832738902064758,德鲁伊
Kati Sarin,2.0,SHAMAN,True,2,120437,在这条时间线中，矮人一族在图腾雕刻方面展现出了非凡的创意。,3.0,,TIME_213,['BATTLECRY'],始源监督者,,,COMMON,TIME_TRAVEL,<b>战吼：</b>如果你在本牌在你手中时施放过自然法术，获得+1/+1并抽一张牌。,MINION,,,,,,,,,,,,,,,,,,,,普通,5.0,4.651116518401871,1.0750106947907652,萨满
Ivo Campelo da Silva,1.0,SHAMAN,True,2,120175,“我把那个电容放哪了……”,4.0,,TIME_214,"['TAUNT', 'TRIGGER_VISUAL']",时流亡魂,ELEMENTAL,['ELEMENTAL'],RARE,TIME_TRAVEL,<b>嘲讽</b>。每当你即将用自然法术对本随从造成伤害，改为本随从获得+2/+1。,MINION,,,,,,,,,,,,,,,,,,,,稀有,5.0,4.651116518401871,1.0750106947907652,萨满
Edgar Hidalgo,5.0,SHAMAN,True,5,120177,矮人和自己的雷鸫之间有着特殊的连结，不惧锤锻，不怕火炼。,5.0,,TIME_217,['TRIGGER_VISUAL'],雷鸫,ELEMENTAL,"['ELEMENTAL', 'BEAST']",EPIC,TIME_TRAVEL,每当你即将用自然法术对本随从造成伤害，改为随机召唤一个法力值消耗为（5）的随从。,MINION,,,,,,,,,,,,,,,,,,,,史诗,10.0,9.231275756211538,1.0832738902064758,萨满
Stefan Bogdasarov,2.0,PRIEST,True,4,120450,要解决最顽固的污渍，只需混合以下物品：小苏打，醋，还有炽烈的救赎之光。,3.0,,TIME_427,"['BATTLECRY', 'LIFESTEAL']",净化的光耀之子,ELEMENTAL,['ELEMENTAL'],RARE,TIME_TRAVEL,<b>吸血</b>。<b>战吼：</b>对一个敌方随从造成等同于本随从生命值的伤害。,MINION,,,,,,造成等同于本随从生命值的伤害。,,,,,,,,,,,,,,稀有,5.0,7.704556010274983,0.6489666624957855,牧师
Tanamaes Leejierasaes,3.0,NEUTRAL,True,2,120452,*老派的鱼人语*,1.0,,TIME_428,['TRIGGER_VISUAL'],昨日鱼人,MURLOC,['MURLOC'],COMMON,TIME_TRAVEL,在你的回合结束时，使你的其他随从获得+1生命值。,MINION,,,,,,,,,,,,,,,,,,,,普通,4.0,4.651116518401871,0.8600085558326122,中立
Edgar Hidalgo,4.0,PRIEST,True,4,120471,欲成圣道，须修澄心。,5.0,,TIME_429,['BATTLECRY'],神圣预言师,DRAENEI,['DRAENEI'],EPIC,TIME_TRAVEL,<b>战吼：</b>将你手牌中每张随从牌的攻击力和生命值变为两者中的高值。,MINION,,,,,,,,,,,,,,,,,,,,史诗,9.0,7.704556010274983,1.1681399924924138,牧师
James Ryman,1.0,PRIEST,True,2,120475,“我愿为你效力。而且，我猛得很！”,4.0,,TIME_431,"['BATTLECRY', 'TAUNT']",琥珀女祭司,,,COMMON,TIME_TRAVEL,<b>嘲讽</b>。<b>战吼：</b>为一个角色恢复等同于本随从生命值的生命值。,MINION,,,,,,恢复等同于本角色生命值的生命值。,,,,,,,,,,,,,,普通,5.0,4.651116518401871,1.0750106947907652,牧师
Ursula Dorada,4.0,NEUTRAL,True,3,120527,写给过去的自己：我就快死了，记得给我报仇。,1.0,,TIME_434,['DEATHRATTLE'],时空旅行者,,,COMMON,TIME_TRAVEL,<b>亡语：</b>召唤一个4/1的影子，并使其随机攻击一个敌方随从。,MINION,,,,,,,,,,,,,,,,,,,,普通,5.0,6.177836264338427,0.8093448557163146,中立
Mooncolony,6.0,PRIEST,True,6,120543,“伊特努丝绝不会背弃我们！”——永恒龙军团,2.0,,TIME_435,['BATTLECRY'],伊特努丝,DRAGON,['DRAGON'],LEGENDARY,TIME_TRAVEL,<b>战吼：</b>夺取一个生命值小于或等于本随从的敌方随从的控制权。,MINION,,,,True,,夺取生命值小于本随从的随从的控制权。,,,,True,,,,,,,,,,传说,8.0,10.757995502148095,0.7436329563813822,牧师
BOSi Studio,2.0,DEMONHUNTER,True,4,120988,如果表现良好，刑期还能减几个回合。,6.0,,TIME_442,"['BATTLECRY', 'DEATHRATTLE']",时间流守望者,,,EPIC,TIME_TRAVEL,<b>战吼：</b>囚禁一个敌方随从，使其<b>休眠</b>10000回合。<b>亡语：</b>唤醒该随从。,MINION,,,,,,将一个随从囚禁10000回合。,,,,,,,,,,,,,,史诗,8.0,7.704556010274983,1.0383466599932567,恶魔猎手
Vika Yarova,3.0,HUNTER,True,2,120788,不会计较你脱靶了多少次。,1.0,,TIME_601,['BATTLECRY'],拾箭龙鹰,BEAST,['BEAST'],COMMON,TIME_TRAVEL,<b>战吼：</b>抽牌，直到你拥有三张手牌。,MINION,,,,,,,,,,,,,,,,,,,,普通,4.0,4.651116518401871,0.8600085558326122,猎人
Melvin Chan,1.0,HUNTER,True,2,119702,相信我，计时器总会在0秒时准时停止。,1.0,,TIME_603,['DEATHRATTLE'],计时炸弹,MECHANICAL,['MECHANICAL'],COMMON,TIME_TRAVEL,<b>亡语：</b>随机消灭一个敌方随从。,MINION,,,,,,,,,,,,,,,,,,,,普通,2.0,4.651116518401871,0.4300042779163061,猎人
Dmitry Bolotov,3.0,HUNTER,True,6,119703,当心！它在你6点钟方向！,4.0,,TIME_605,"['BATTLECRY', 'ELUSIVE', 'RUSH']",纪元追猎者,BEAST,['BEAST'],COMMON,TIME_TRAVEL,"<b>突袭</b>。<b>扰魔</b>
<b>战吼：</b>召唤一个本随从的复制。",MINION,,,,,,,,,,,,,,,,,,,,普通,7.0,10.757995502148095,0.6506788368337094,猎人
Tee Fuyuan,1.0,HUNTER,True,1,119704,打脸的时候，时间过得总是很快。,3.0,,TIME_606,['AURA'],奎尔多雷造箭师,,,RARE,TIME_TRAVEL,当你的手牌少于或等于三张时，你的英雄技能的法力值消耗为（0）点。,MINION,,,,,,,,,,,,,,,,,,,,稀有,4.0,3.1243967724653157,1.2802471297023479,猎人
Rafael Zanchetin,2.0,HUNTER,True,3,119707,无论她后来会变成什么样子，她都是抗击巫妖王时最为英勇的游侠将军，是银月城的英雄。,4.0,,TIME_609,['BATTLECRY'],游侠将军希尔瓦娜斯,,,LEGENDARY,TIME_TRAVEL,"<b>奇闻</b>
<b>战吼：</b>对所有敌人造成2点伤害。如果你使用过奥蕾莉亚或温蕾萨，每使用过一位，重复一次。",MINION,,,,True,,,,,,True,,,,,,,,,,传说,6.0,6.177836264338427,0.9712138268595775,猎人
Kevin Sidharta,2.0,DEATHKNIGHT,True,1,120481,勇士的笑容渐渐凝固……,1.0,,TIME_613,['DEATHRATTLE'],时空冰封勇士,,,COMMON,TIME_TRAVEL,<b>亡语：</b>随机获取一张<b>传说</b>随从牌，其法力值消耗减少（1）点。,MINION,,,,,"{'blood': 0, 'frost': 1, 'unholy': 0}",,,,,,,,,,,,,,,普通,3.0,3.1243967724653157,0.9601853472767609,
Caroline Gariba,3.0,DEATHKNIGHT,True,3,121015,可以把你的痛苦转嫁给更健康的个体——你的对手。,4.0,,TIME_614,['BATTLECRY'],生命撕裂者,UNDEAD,['UNDEAD'],RARE,TIME_TRAVEL,<b>战吼：</b>在本回合中，如果你的英雄的生命值发生变化，对一个敌方随从造成6点伤害。,MINION,,,,,,对一个敌方随从造成6点伤害。,,,,,,,,,,,,,,稀有,7.0,6.177836264338427,1.1330827980028404,
Dmitry Bolotov,8.0,DEATHKNIGHT,True,4,121017,冻心的时候，时间过得总是特别特别快。,7.0,,TIME_617,['TRIGGER_VISUAL'],时空封冻者,UNDEAD,['UNDEAD'],EPIC,TIME_TRAVEL,你不再会在你的回合开始时抽牌。,MINION,,,,,"{'blood': 0, 'frost': 1, 'unholy': 1}",,,,,,,,,,,,,,,史诗,15.0,7.704556010274983,1.9468999874873563,
Grafit,5.0,DEATHKNIGHT,True,4,121000,第二次生命往往会被白白浪费，这为哈斯克提供了无尽的笑料。,3.0,,TIME_618,['BATTLECRY'],永时收割者哈斯克,UNDEAD,['UNDEAD'],LEGENDARY,TIME_TRAVEL,<b>战吼：</b>使你的英雄获得“<b>亡语：</b>消耗最多20份<b>残骸</b>，复活你的英雄并使其具有等量生命值。”,MINION,,['DEATHRATTLE'],,True,,,,,,,,,,,,,,,,传说,8.0,7.704556010274983,1.0383466599932567,
James Ryman,4.0,DEATHKNIGHT,True,4,120183,在某条黑暗的时间线中，塔兰吉不幸被害，又被复活为死亡骑士。可即便是死亡，也不能阻止她保护赞达拉的人民。,5.0,,TIME_619,['BATTLECRY'],墓地尊主塔兰吉,UNDEAD,['UNDEAD'],LEGENDARY,TIME_TRAVEL,"<b>奇闻</b>
<b>战吼：</b>抽取邦桑迪<i>（如果他已经死亡则将其复活）</i>，选择并使其获得一项恩泽。",MINION,,,,True,,,,,,,,,,,,,,,,传说,9.0,7.704556010274983,1.1681399924924138,
Matt Dixon,5.0,DRUID,True,5,120749,各种有关我的物种濒危报告有过分夸大的——,5.0,,TIME_703,"['BATTLECRY', 'TAUNT']",濒危的渡渡鸟,BEAST,['BEAST'],RARE,TIME_TRAVEL,<b>嘲讽</b>。<b>战吼：</b>如果你的生命值小于或等于10点，获得+5/+5并召唤一个本随从的复制。,MINION,,,,,,,,,,,,,,,,,,,,稀有,10.0,9.231275756211538,1.0832738902064758,德鲁伊
Sergey Tsvelykh,6.0,DRUID,True,7,120761,随堂测验考的永远都是冷门难题。,6.0,,TIME_704,"['BATTLECRY', 'DISCOVER']",上层精灵教师,,,EPIC,TIME_TRAVEL,<b>战吼：</b>获取一张2/2的小学生。<b>发现</b>一个来自过去的法力值消耗大于或等于（7）点的法术，教会小学生。,MINION,,,,,,,,,,,,,,,,,,,,史诗,12.0,12.284715248084652,0.9768236184286776,德鲁伊
James Ryman,4.0,DRUID,True,6,120762,这条卡牌趣文花了我们整整一个纪元的时间。,7.0,,TIME_705,"['BATTLECRY', 'TAUNT']",纪元守护者克洛纳,,,LEGENDARY,TIME_TRAVEL,<b>嘲讽</b>。<b>战吼：</b>将你牌库底的五张牌的法力值消耗变为（1）点。,MINION,,,,True,,,,,,,,,,,,,,,,传说,11.0,10.757995502148095,1.0224953150244005,德鲁伊
Max Grecke,2.0,PALADIN,True,2,120774,卡牌？我们要去的时空不需要卡牌。,3.0,,TIME_706,['BATTLECRY'],超时空鳍侠,MURLOC,['MURLOC'],LEGENDARY,TIME_TRAVEL,"<b>战吼：</b>将你的手牌替换为你的起始手牌。在你的回合结束时
换回。",MINION,,,,True,,,,,,,,,,,,,,,,传说,5.0,4.651116518401871,1.0750106947907652,圣骑士
Stefano Spagnuolo,3.0,ROGUE,True,4,120790,“赶快投降！”“不然就打一场！”,3.0,,TIME_710,"['COMBO', 'STEALTH']",暴徒双人组,,,COMMON,TIME_TRAVEL,<b>潜行</b>。<b>连击：</b>召唤一个本随从的复制。,MINION,,,,,,,,,,,,,,,,,,,,普通,6.0,7.704556010274983,0.7787599949949425,潜行者
Ivan Fomin,4.0,ROGUE,True,5,120805,海盗龙最喜欢这种箱子了。真箱。,6.0,,TIME_713,['BATTLECRY'],时空上将钩尾,PIRATE,"['DRAGON', 'PIRATE']",LEGENDARY,TIME_TRAVEL,<b>战吼：</b>为你的对手召唤一个0/8的宝箱。<i>宝箱装满了幸运币！</i>,MINION,,,,True,,,,,,,,,,,,,,,,传说,10.0,9.231275756211538,1.0832738902064758,潜行者
Grafit,7.0,WARRIOR,True,6,120817,埃博克好刻薄唉！,5.0,,TIME_714,['BATTLECRY'],时光领主埃博克,DRAGON,['DRAGON'],LEGENDARY,TIME_TRAVEL,"<b>战吼：</b>消灭你的对手上回合使用的
所有随从。",MINION,,,,True,,,,,,,,,,,,,,,,传说,12.0,10.757995502148095,1.1154494345720734,战士
Zoltan Boros,5.0,NEUTRAL,True,5,120847,龙族士兵接受了一个世纪的青铜化后，这是他的身体发生的变化。,3.0,,TIME_720,"['BATTLECRY', 'TAUNT']",青铜龙士兵,DRAGON,['DRAGON'],RARE,TIME_TRAVEL,<b>嘲讽</b>。<b>战吼：</b>本随从的生命值翻倍。,MINION,,,,,,,,,,,,,,,,,,,,稀有,8.0,9.231275756211538,0.8666191121651807,中立
Sergey Tsvelykh,2.0,DRUID,True,2,121460,如果这两只野兽浮到了你的牌库表面上，那可不是什么好兆头。,3.0,,TIME_730,"['BATTLECRY', 'DISCOVER']",卡多雷培育师,,,RARE,TIME_TRAVEL,<b>战吼：</b><b>发现</b>2张野兽牌，将它们置于你的牌库底并具有+5/+5。,MINION,,,,,,,,,,,,,,,,,,,,稀有,5.0,4.651116518401871,1.0750106947907652,德鲁伊
Alex Horley Orlandelli,7.0,WARRIOR,True,7,119451,在血红之环，人们称他为“幽灵之狼”洛戈什。他已然忘了自己的过去，他的另一重身份：瓦里安·乌瑞恩，暴风城国王。,7.0,,TIME_850,"['DEATHRATTLE', 'RUSH']",血斗士洛戈什,,,LEGENDARY,TIME_TRAVEL,"<b>奇闻</b>
<b>突袭</b>。<b>亡语：</b>从你的手牌中召唤一位血斗士，使其获得+5/+5并随机攻击一个敌人。",MINION,,,,True,,,,,,,,,,,,,,,,传说,14.0,12.284715248084652,1.1396275548334573,战士
Zoltan Boros,2.0,MAGE,True,5,119524,辛达苟萨曾是玛里苟斯的爱侣，也是首批怀疑奈萨里奥已被腐蚀的巨龙之一。她悔恨自己没能坚持当初的怀疑。,8.0,,TIME_852,['AURA'],碧蓝女王辛达苟萨,DRAGON,['DRAGON'],LEGENDARY,TIME_TRAVEL,"<b>奇闻</b>
如果你控制着其他龙，你的奥术法术的法力值消耗减少（2）点。",MINION,,,,True,,,,,,,,,,,,,,,,传说,10.0,9.231275756211538,1.0832738902064758,法师
James Ryman,4.0,MAGE,True,5,119632,教授的第一个法术：伤害。,7.0,,TIME_856,['SPELLPOWER'],艾杰斯亚导师,DRAGON,['DRAGON'],COMMON,TIME_TRAVEL,<b>法术伤害+2</b>,MINION,,,,,,,,,,,,,1.0,,,,,,,普通,11.0,9.231275756211538,1.1916012792271236,法师
Tanamaes Leejierasaes,5.0,MAGE,True,7,119649,时间自有其构造。请看。,5.0,,TIME_858,['BATTLECRY'],时空构造体,ELEMENTAL,['ELEMENTAL'],RARE,TIME_TRAVEL,<b>战吼：</b>对一个敌方随从造成5点伤害，然后抽牌，数量等同于超过目标生命值的伤害。,MINION,,,,,,对一个敌方随从造成5点伤害。,,,,,,,,,,,,,,稀有,10.0,12.284715248084652,0.8140196820238981,法师
Jaemin Kim,2.0,MAGE,True,2,119740,只有最亲密的朋友和敌人能分享我的秘密。,2.0,,TIME_860,['BATTLECRY'],神秘无面者,,,EPIC,TIME_TRAVEL,<b>战吼：</b>检视2个随机<b>奥秘</b>，选择其中一个为你自己施放，另一个为你的对手施放。,MINION,,['SECRET'],,,,,,,,,,,,,,,,,,史诗,4.0,4.651116518401871,0.8600085558326122,法师
Patrik Bjorkstrom,3.0,MAGE,True,3,119741,唔，这个循环完蛋了。冥想静待下一个循环吧。,3.0,,TIME_861,['BATTLECRY'],时光循环者托奇,,,LEGENDARY,TIME_TRAVEL,<b>战吼：</b>随机获取3张来自过去的法术牌。当你使用了全部3张法术牌，再获取一张时光循环者托奇。,MINION,,,,True,,,,,,,,,,,,,,,,传说,6.0,6.177836264338427,0.9712138268595775,法师
Danny Beck,2.0,WARRIOR,True,5,119780,今日之嗣，明日之逝。,6.0,,TIME_871,"['BATTLECRY', 'TAUNT']",后世之嗣,DRAGON,['DRAGON'],EPIC,TIME_TRAVEL,<b>嘲讽</b>。<b>战吼：</b>每有一个受伤的随从，便获得+2/+2。,MINION,,,,,,,,,,,,,,,,,,,,史诗,8.0,9.231275756211538,0.8666191121651807,战士
Mike Sass,13.0,WARRIOR,True,8,119783,这充其量是个临时的称号，就和“成熟番茄”差不多。,13.0,,TIME_872,"['BATTLECRY', 'RUSH']",不败冠军,,,RARE,TIME_TRAVEL,<b>突袭</b>。<b>战吼：</b>用随机的法力值消耗为（1）的随从填满你对手的面板。,MINION,,,,,,,,,,,,,,,,,,,,稀有,26.0,13.811434994021205,1.882498090260358,战士
L. Lullabi & T. Shevtsov,5.0,ROGUE,True,4,119814,那一天，迦罗娜成就了奇功。从此，她不仅仅是部落派出的刺客，更是终结洛丹伦独裁暴政的解放者。,4.0,,TIME_875,['BATTLECRY'],半兽人迦罗娜,,,LEGENDARY,TIME_TRAVEL,"<b>奇闻</b>
<b>战吼：</b>如果莱恩国王在对手手牌中，将其摧毁并将敌方英雄的生命值砍半。",MINION,,,,True,,,,,,,,,,,,,,,,传说,9.0,7.704556010274983,1.1681399924924138,潜行者
Todd Harris,1.0,ROGUE,True,1,119841,变成方形！变成圆形！变成菱形！,1.0,,TIME_876,,神秘变形者,,,EPIC,TIME_TRAVEL,如果这张牌在你的手牌中，每个回合都会随机变成你对手手牌中的一张随从牌。,MINION,,,,,,,,,,,,,,,,,,,,史诗,2.0,3.1243967724653157,0.6401235648511739,潜行者
Sergey Tsvelykh,7.0,PRIEST,True,10,120060,在我们的时间线中，麦迪文以为萨格拉斯的黑暗影响无法抵抗。但在某条时间线中，他成功了。,7.0,,TIME_890,['BATTLECRY'],圣者麦迪文,,,LEGENDARY,TIME_TRAVEL,"<b>奇闻</b>
如果你控制着卡拉赞，本牌的法力值消耗为（0）点。<b>战吼：</b><b>沉默</b>并消灭所有其他随从。",MINION,,['SILENCE'],,True,,,,,,,,,,,,,,,,传说,14.0,16.86487448589432,0.8301277315588395,牧师
Mike Sass,7.0,NEUTRAL,True,4,129894,末日预言者本以为自己错过了《大地的裂变》，没想到这样的末日还有第二次！,4.0,打开<i>穿越时间流</i>金色包后可解锁。,TIME_EVENT_300,['DEATHRATTLE'],黑铁先驱,,,EPIC,EVENT,<b>亡语：</b>召唤一个0/7的末日预言者。末日预言者会在你的回合开始时消灭所有随从。,MINION,,,,,,,,,,,,ALLIANCE,,,打开<i>穿越时间流</i>卡牌包后可解锁。,,,,,史诗,11.0,7.704556010274983,1.427726657490728,中立
Alex Stone,8.0,NEUTRAL,True,8,126697,你需要集齐勇气之龙，智慧之龙和力量之龙，才能击败终焉的灭世者。,8.0,打开<i>穿越时间流</i>金色包后可解锁。,TIME_EVENT_301,['BATTLECRY'],灭世信徒,DRAGON,['DRAGON'],EPIC,EVENT,"<b>战吼：</b>随机消灭一个
其他随从。你手牌中每有一张龙牌，重复一次。",MINION,,,,,,,,,,,,ALLIANCE,,,打开<i>穿越时间流</i>卡牌包后可解锁。,,,,,史诗,16.0,13.811434994021205,1.1584603632371435,中立
L. Lullabi & T. Shevstov,5.0,PALADIN,True,5,121676,在露妮的时间线中，她本是最后一个圣骑士，继承了时光卫士的称号。受到了米达的祝福之后，她拥有了引导命运丝线的力量，可以将它们安放在时空中所需的位置上。,5.0,打开<i>穿越时间流</i>金色包后可解锁。,TIME_EVENT_998,['BATTLECRY'],时光卫士露妮,DRAENEI,['DRAENEI'],LEGENDARY,EVENT,<b>战吼：</b>将你手牌中的所有随从牌送入2回合后的未来。这些牌返回时会具有+5/+5。,MINION,,,,True,,,,,,,,,,,打开<i>穿越时间流</i>卡牌包后可解锁。,,,,,传说,10.0,9.231275756211538,1.0832738902064758,圣骑士
Tee Fuyuan,3.0,NEUTRAL,True,4,117762,“这个树墩子我之前见过，我们肯定走对了！”,5.0,,TLC_100,['BATTLECRY'],导航员伊莉斯,,,LEGENDARY,THE_LOST_CITY,<b>战吼：</b>如果你的套牌中的牌有10种不同的法力值消耗，制造一个自定义的地标。,MINION,,,,True,,,,,,True,,,,,,,,,,传说,8.0,7.704556010274983,1.0383466599932567,中立
James Ryman,2.0,NEUTRAL,True,3,119781,自然一点，自然一点。,3.0,,TLC_101,"['ENRAGED', 'REBORN', 'TAUNT']",卧底教徒,,,COMMON,THE_LOST_CITY,<b>嘲讽</b>。<b>复生</b>。受伤时拥有+3攻击力。,MINION,,,,,,,,,,,,,,,,,,,,普通,5.0,6.177836264338427,0.8093448557163146,中立
Ramzy Kamen,2.0,NEUTRAL,True,4,117848,托加被杀害，被分食，被用来召唤亡灵，甚至被当作灵体的传声筒。但至少他收获了许多故事。,7.0,,TLC_102,['BATTLECRY'],托加,BEAST,"['UNDEAD', 'BEAST']",LEGENDARY,THE_LOST_CITY,<b>战吼：</b>抽一张<b>延系</b>牌以及另一张可以激活其效果的牌。,MINION,,,,True,,,,,,,,,,,,,,,,传说,9.0,7.704556010274983,1.1681399924924138,中立
Matt Dixon,6.0,NEUTRAL,True,7,117877,安布拉在外游荡多年，如今又将重返故土。当她回到这座古城，她一定要让始祖龟一族得到其应有的……,6.0,购买<i>安戈洛龟途</i>炉石通行证后开放解锁。,TLC_106,['BATTLECRY'],末日使者安布拉,,,LEGENDARY,THE_LOST_CITY,<b>战吼：</b>触发本局对战中死亡的5个友方随从的<b>亡语</b>。,MINION,,['DEATHRATTLE'],,True,,,,,,True,,,,,打开<i>安戈洛龟途</i>卡牌包后可解锁。,,,,,传说,12.0,12.284715248084652,0.9768236184286776,中立
Timur Shevtsov,3.0,NEUTRAL,True,5,117885,那是个月黑风高的元素……,6.0,可以在<i>安戈洛龟途</i>奖励路线中获得该奖励。,TLC_107,['TRIGGER_VISUAL'],聚积旋风,ELEMENTAL,['ELEMENTAL'],EPIC,THE_LOST_CITY,每当本随从攻击时，先对目标造成3点伤害。<b>延系：</b>获得<b>突袭</b>。,MINION,,['RUSH'],,,,,,,,,,,,,,,,,,史诗,9.0,9.231275756211538,0.9749465011858283,中立
Timur Shevtsov,3.0,NEUTRAL,True,3,117889,“我镐到了黄金！不——！”,3.0,,TLC_109,"['BATTLECRY', 'DISCOVER']",遗宝挖掘工,,,COMMON,THE_LOST_CITY,<b>战吼：</b>摧毁你牌库顶的牌，<b>发现</b>一张稀有度与其相同的牌。,MINION,,,,,,,,,,,,,,,,,,,,普通,6.0,6.177836264338427,0.9712138268595775,中立
Kevin Sidharta,5.0,NEUTRAL,True,6,121026,“我来陪你逛？城！”,7.0,购买<i>安戈洛龟途</i>炉石通行证后开放解锁。,TLC_110,['BATTLECRY'],城市首脑埃舒,,,LEGENDARY,THE_LOST_CITY,<b>战吼：</b>如果你牌库中的随从牌均属于同一随从类型，使你的其他随从获得+2/+2<i>（无论它们在哪）</i>。,MINION,,,,True,,,,,,,,,,,可以在<i>安戈洛龟途</i>奖励路线中获得该奖励。,,,,,传说,12.0,10.757995502148095,1.1154494345720734,中立
Drew Hill,4.0,MAGE,True,4,117531,书欲静而风不止。,5.0,,TLC_220,['TRIGGER_VISUAL'],扫页疾风,ELEMENTAL,['ELEMENTAL'],COMMON,THE_LOST_CITY,在你召唤一个元素后，随机对一个敌人造成3点伤害。,MINION,,,,,,,,,,,,,,,,,,,,普通,9.0,7.704556010274983,1.1681399924924138,法师
Stefano Spagnuolo,2.0,SHAMAN,True,3,117533,生性友善，但它找你玩抛接游戏的时候一定要小心。,3.0,,TLC_223,['BATTLECRY'],火山长尾蜥,ELEMENTAL,"['ELEMENTAL', 'BEAST']",RARE,THE_LOST_CITY,<b>战吼：</b>抽一张火焰法术牌。<b>延系：</b>使其获得<b>法术伤害+2</b>。,MINION,,['SPELLPOWER'],,,,,,,,,,,,,,,,,,稀有,5.0,6.177836264338427,0.8093448557163146,萨满
Felideus Bubastis,2.0,SHAMAN,True,4,117534,它那条机械手臂由火山热能驱动，而另一条手臂……也一样。,5.0,,TLC_224,['TRIGGER_VISUAL'],机械熔火,ELEMENTAL,"['ELEMENTAL', 'MECHANICAL']",COMMON,THE_LOST_CITY,"每当你使用一张
火焰法术牌时，获得等同于其法力值消耗的属性值。",MINION,,,,,,,,,,,,,,,,,,,,普通,7.0,7.704556010274983,0.9085533274940997,萨满
Melvin Chan,1.0,SHAMAN,True,2,117612,“离火远一点。”“可它们是我的朋友！”,2.0,,TLC_225,['DEATHRATTLE'],烬鳍鱼人,ELEMENTAL,"['ELEMENTAL', 'MURLOC']",COMMON,THE_LOST_CITY,<b>亡语：</b>召唤一个2/1的炽烈烬火。,MINION,,,,,,,,,,,,,,,,,,,,普通,3.0,4.651116518401871,0.6450064168744591,萨满
Drew Hill,2.0,MAGE,True,3,117535,负责收拾图书馆暴怒者留下的烂摊子。,2.0,,TLC_226,['DEATHRATTLE'],咒术图书管理员,ELEMENTAL,['ELEMENTAL'],EPIC,THE_LOST_CITY,<b>亡语：</b>抽一张法术牌。<b>延系：</b>召唤一个本随从的复制。,MINION,,,,,,,,,,,,,,,,,,,,史诗,4.0,6.177836264338427,0.6474758845730517,法师
Ivan Fomin,1.0,SHAMAN,True,3,117617,她做了个奇特的熔岩蛋糕。,5.0,,TLC_228,['AURA'],布拉玛·灼石,,,LEGENDARY,THE_LOST_CITY,你的元素会额外造成1点伤害。,MINION,,,,True,,,,,,,,,,,,,,,,传说,6.0,6.177836264338427,0.9712138268595775,萨满
Eva Widermann,2.0,DRUID,True,3,117652,是呀，给蛋画上彩绘可*太*有用了呢。,3.0,,TLC_233,['BATTLECRY'],孵化辅助师,,,RARE,THE_LOST_CITY,<b>战吼：</b>使你的其他攻击力小于或等于2的随从获得+1/+2和<b>嘲讽</b>。,MINION,,['TAUNT'],,,,,,,,,,,,,,,,,,稀有,5.0,6.177836264338427,0.8093448557163146,德鲁伊
Gabriel Lopes,5.0,DRUID,True,4,117653,安戈洛版的螃蟹草。,1.0,,TLC_234,['DEATHRATTLE'],永生血瓣花,,,EPIC,THE_LOST_CITY,<b>亡语：</b>召唤一个0/1的永生花芽。,MINION,,,,,,,,,,,,,,,,,,,,史诗,6.0,7.704556010274983,0.7787599949949425,德鲁伊
Ivo Campelo da Silva,0.0,DRUID,True,3,117657,啊！煎蛋卷！,2.0,,TLC_237,['DEATHRATTLE'],啸天龙蛋,,,COMMON,THE_LOST_CITY,<b>亡语：</b>召唤四只2/1的啸天龙宝宝。,MINION,,,,,,,,,,,,,,,,,,,,普通,2.0,6.177836264338427,0.32373794228652586,德鲁伊
Tanamaes Leejierasaes,6.0,PALADIN,True,6,117949,这只恐龙的样子好鳍怪……,3.0,,TLC_240,"['DEATHRATTLE', 'RUSH']",填鳃暴龙,BEAST,"['MURLOC', 'BEAST']",RARE,THE_LOST_CITY,"<b>突袭</b>。<b>亡语：</b>
召唤三个2/1的鱼人，使其各获得一项随机<b>额外效果</b>。",MINION,,,,,,,,,,,,,,,,,,,,稀有,9.0,10.757995502148095,0.836587075929055,圣骑士
James Ryman,2.0,PALADIN,True,4,117951,蛇颈龙：我湿，故我载。,7.0,,TLC_241,['AURA'],蛇颈龙群的伊度,,,LEGENDARY,THE_LOST_CITY,当本随从存活时，你获取一张法力值消耗为（2）的神圣法术牌，该牌可以使一个随从获得+2/+2和<b>圣盾</b>。,MINION,,['DIVINE_SHIELD'],,True,,,,,,,,,,,,,,,,传说,9.0,7.704556010274983,1.1681399924924138,圣骑士
Gabor Szikszai,1.0,NEUTRAL,True,3,118220,我才刚满30岁。,5.0,,TLC_242,['BATTLECRY'],远古剑龙,BEAST,['BEAST'],COMMON,THE_LOST_CITY,<b>战吼：</b>从<b>嘲讽</b>，<b>剧毒</b>或+1/+1中选择一项并获得。,MINION,,"['POISONOUS', 'TAUNT']",,,,,,,,,,,,,,,,,,普通,6.0,6.177836264338427,0.9712138268595775,中立
BOSi Studio,8.0,NEUTRAL,True,9,118221,召集风暴。喷吐火焰。不过首先，转上几圈。,8.0,,TLC_243,"['RUSH', 'WINDFURY']",涡流风暴幼龙,ELEMENTAL,"['ELEMENTAL', 'DRAGON']",COMMON,THE_LOST_CITY,"<b>突袭</b>。<b>风怒</b>
<b>延系：</b>在本回合中获得<b>免疫</b>。",MINION,,['IMMUNE'],,,,,,,,,,,,,,,,,,普通,16.0,15.338154739957762,1.0431502531603787,中立
Sergey Tsvelykh,3.0,NEUTRAL,True,2,118223,“哇，这朵花张着大嘴，刚好能把脑袋放进去。”,5.0,,TLC_244,['DEATHRATTLE'],好奇的探险者,,,COMMON,THE_LOST_CITY,"<b>亡语：</b>使你对手的手牌中一张随从牌的
法力值消耗减少（2）点。",MINION,,,,,,,,,,,,,,,,,,,,普通,8.0,4.651116518401871,1.7200171116652243,中立
Zoltan Boros,2.0,NEUTRAL,True,2,118224,它更喜欢“资深”这个词。,1.0,,TLC_245,['BATTLECRY'],远古迅猛龙,BEAST,['BEAST'],EPIC,THE_LOST_CITY,<b>战吼：</b>从+3攻击力，<b>圣盾</b>或“<b>亡语：</b>召唤两个1/1的植物”中选择一项并获得。,MINION,,"['DEATHRATTLE', 'DIVINE_SHIELD']",,,,,,,,,,,,,,,,,,史诗,3.0,4.651116518401871,0.6450064168744591,中立
Jaemin Kim,4.0,NEUTRAL,True,4,118232,那是什么动静？请他导览太可怕了。,4.0,,TLC_246,['BATTLECRY'],远古翼手龙,BEAST,['BEAST'],RARE,THE_LOST_CITY,<b>战吼：</b>从<b>扰魔</b>，<b>风怒</b>或直到下回合<b>潜行</b>中选择一项获得。,MINION,,"['ELUSIVE', 'STEALTH', 'WINDFURY']",,,,,,,,,,,,,,,,,,稀有,8.0,7.704556010274983,1.0383466599932567,中立
Alex Horley Orlandelli,5.0,NEUTRAL,True,4,118235,100只恐鸟对阵1只剑齿豹，哪一方会获胜？,3.0,,TLC_247,"['STEALTH', 'TRIGGER_VISUAL']",原始剑齿豹,BEAST,['BEAST'],COMMON,THE_LOST_CITY,<b>潜行</b>。在本随从攻击并消灭一个随从后，获取一张被消灭随从的复制。,MINION,,,,,,,,,,,,,,,,,,,,普通,8.0,7.704556010274983,1.0383466599932567,中立
Vika Yarova,2.0,NEUTRAL,True,1,118222,“嘿！你知道我有多火吗？”,1.0,,TLC_249,['DEATHRATTLE'],炽烈烬火,ELEMENTAL,['ELEMENTAL'],COMMON,THE_LOST_CITY,<b>亡语：</b>造成2点伤害，随机分配到所有敌人身上。,MINION,,,,,,,,,,,,,,,,,,,,普通,3.0,3.1243967724653157,0.9601853472767609,中立
Gabor Szikszai,5.0,NEUTRAL,True,4,118247,山鳄鱼为什么是环形的？,4.0,,TLC_250,['BATTLECRY'],环形山鳄鱼,BEAST,['BEAST'],COMMON,THE_LOST_CITY,<b>战吼：</b>直到你的下个回合开始，敌方英雄无法被治疗。,MINION,,,,,,,,,,,,,,,,,,,,普通,9.0,7.704556010274983,1.1681399924924138,中立
Mauricio Herrera,3.0,NEUTRAL,True,3,118251,“姆咯啦哇啦咯啦咯啦！！！”<i>全都干掉！</i>,2.0,可以在<i>安戈洛龟途</i>奖励路线中获得该奖励。,TLC_251,['BATTLECRY'],蛮鱼挑战者,MURLOC,['MURLOC'],RARE,THE_LOST_CITY,<b>战吼：</b>你的下一个<b>延系</b>效果会触发两次。,MINION,,,,,,,,,,,,,,,,,,,,稀有,5.0,6.177836264338427,0.8093448557163146,中立
Ivan Fomin,3.0,NEUTRAL,True,3,118252,软泥怪→软泥→软→车,3.0,打开<i>安戈洛龟途</i>金色包后可解锁。,TLC_252,['BATTLECRY'],蚀解软泥怪,,,RARE,THE_LOST_CITY,<b>战吼：</b>消灭一个友方随从，将一张骸骨置入你的手牌。骸骨可以使一个随从获得被消灭随从的攻击力和生命值。,MINION,,,,,,消灭一个友方随从。,,,,,,,,,打开<i>安戈洛龟途</i>卡牌包后可解锁。,,,,,稀有,6.0,6.177836264338427,0.9712138268595775,中立
Luca Zontini,5.0,NEUTRAL,True,3,118254,说句石化……,5.0,,TLC_253,,石化食人魔,,,COMMON,THE_LOST_CITY,起始<b>休眠</b>状态。<b>休眠</b>状态下，在你的回合开始时，获得+2/+2。<i>（50%的几率改为唤醒。）</i>,MINION,,,,,,,,,,,,,,,,,,,,普通,10.0,6.177836264338427,1.6186897114326293,中立
Max Grecke,1.0,NEUTRAL,True,2,118257,“后来，又一只海龟成功入水！”,2.0,,TLC_254,['TRIGGER_VISUAL'],讲故事的始祖龟,,,EPIC,THE_LOST_CITY,在你的回合结束时，使每个不同类型的各一个友方随从获得+1/+1。,MINION,,,,,,,,,,,,,,,,,,,,史诗,3.0,4.651116518401871,0.6450064168744591,中立
Edgar Hidalgo,2.0,NEUTRAL,True,2,118259,“不许摸我的宝贝！”,2.0,,TLC_255,"['BATTLECRY', 'TRADEABLE']",水晶养护工,,,EPIC,THE_LOST_CITY,"<b>可交易</b>
<b>战吼：</b>获得空的法力水晶，直到双方玩家拥有的法力水晶相同。",MINION,,,,,,,,,,,,,,,,,,,,史诗,4.0,4.651116518401871,0.8600085558326122,中立
James Ryman,3.0,NEUTRAL,True,3,118260,“记好了，被拍到的时候，一定要注意光影和虚化感。”,3.0,,TLC_256,['TRIGGER_VISUAL'],沼地蛇颈龙,BEAST,['BEAST'],COMMON,THE_LOST_CITY,在你施放一个法术后，获得<b>圣盾</b>。,MINION,,['DIVINE_SHIELD'],,,,,,,,,,,,,,,,,,普通,6.0,6.177836264338427,0.9712138268595775,中立
Max Grecke,5.0,DRUID,True,9,118575,4217岁的精神老龟。,5.0,,TLC_257,['BATTLECRY'],洛，在世传奇,,,LEGENDARY,THE_LOST_CITY,<b>战吼：</b>在本局对战中，你的随从牌的法力值消耗为（5）点。,MINION,,,,True,,,,,,True,,,,,,,,,,传说,10.0,15.338154739957762,0.6519689082252366,德鲁伊
Alex Stone,7.0,HUNTER,True,6,118269,事实证明，只要从足够高的地方扔下去，任何恐龙都能变成在天上尖叫的啸天龙。,5.0,,TLC_366,['RUSH'],掠食飞翼龙,BEAST,['BEAST'],RARE,THE_LOST_CITY,<b>突袭</b>。<b>延系：</b>法力值消耗减少（2）点。,MINION,,,,,,,,,,,,,,,,,,,,稀有,12.0,10.757995502148095,1.1154494345720734,猎人
Grafit,6.0,DEATHKNIGHT,True,6,116376,冷血为寒，邪恶入骨。问其所需：加件衣服。,3.0,,TLC_401,['DEATHRATTLE'],寒骨剑龙,UNDEAD,"['UNDEAD', 'BEAST']",COMMON,THE_LOST_CITY,<b>亡语：</b>随机对三个敌人造成6点伤害。,MINION,,,,,"{'blood': 0, 'frost': 2, 'unholy': 0}",,,,,,,,,,,,,,,普通,9.0,10.757995502148095,0.836587075929055,
Ivan Fomin,1.0,NEUTRAL,True,2,117381,小石头，像皮球，一扔扔进溪水流。,3.0,,TLC_427,['BATTLECRY'],抛石鱼人,MURLOC,['MURLOC'],COMMON,THE_LOST_CITY,"<b>战吼：</b>获取一张
法力值消耗为（1）的石头。石头可以造成$3点伤害。",MINION,,,,,,,,,,,,,,,,,,,,普通,4.0,4.651116518401871,0.8600085558326122,中立
Patrik Bjorkstrom,2.0,PALADIN,True,3,117382,要想在安戈洛环形山活得久一点，姿态一定要放低。显然，嘎咯尔命不久矣。,4.0,,TLC_428,['BATTLECRY'],温泉踏浪鱼人,MURLOC,['MURLOC'],COMMON,THE_LOST_CITY,<b>战吼：</b>你的下一张鱼人牌的法力值消耗减少（1）点。<b>延系：</b>且会获得<b>圣盾</b>。,MINION,,['DIVINE_SHIELD'],,,,,,,,,,,,,,,,,,普通,6.0,6.177836264338427,0.9712138268595775,圣骑士
Matt Dixon,4.0,NEUTRAL,True,4,117383,鱼人盗窃案，请按M。,3.0,可以在<i>安戈洛龟途</i>奖励路线中获得该奖励。,TLC_429,,蒸鳍偷蛋贼,MURLOC,['MURLOC'],COMMON,THE_LOST_CITY,<b>延系：</b>召唤两个1/1并具有<b>突袭</b>的鱼人。,MINION,,['RUSH'],,,,,,,,,,,,,,,,,,普通,7.0,7.704556010274983,0.9085533274940997,中立
Jakub Kasper,2.0,PALADIN,True,4,117384,非常喜欢听故事。,5.0,,TLC_430,['TRIGGER_VISUAL'],圣窟生物,BEAST,['BEAST'],EPIC,THE_LOST_CITY,在你的回合结束时，再次施放本回合中你施放过的一个随机神圣法术<i>（尽可能以本随从为目标）</i>。,MINION,,,,,,,,,,,,,,,,,,,,史诗,7.0,7.704556010274983,0.9085533274940997,圣骑士
Zoltan Boros,3.0,DEATHKNIGHT,True,4,117423,“恐惧利爪！”,4.0,,TLC_432,['BATTLECRY'],恐惧迅猛龙,UNDEAD,"['UNDEAD', 'BEAST']",RARE,THE_LOST_CITY,<b>战吼：</b>抽一张法力值消耗小于或等于（3）点的<b>亡语</b>随从牌。<b>延系：</b>其法力值消耗变为（0）点。,MINION,,['DEATHRATTLE'],,,"{'blood': 0, 'frost': 1, 'unholy': 1}",,,,,,,,,,,,,,,稀有,7.0,7.704556010274983,0.9085533274940997,
Slawomir Maniak,4.0,DEATHKNIGHT,True,5,117434,真的很诡翼。,3.0,,TLC_436,"['LIFESTEAL', 'RUSH']",重生的翼手龙,UNDEAD,"['UNDEAD', 'BEAST']",EPIC,THE_LOST_CITY,"<b><b>突袭</b>。吸血</b>
消耗<b>残骸</b>而非
法力值。",MINION,,,,,,,,,,,,,,,,,,,,史诗,7.0,9.231275756211538,0.7582917231445331,
Patrik Bjorkstrom,1.0,PALADIN,True,2,117562,他的兄弟紫私被逐出了聚落。,2.0,,TLC_438,['BATTLECRY'],紫色珍鳃鱼人,MURLOC,['MURLOC'],RARE,THE_LOST_CITY,<b>战吼：</b>从你的牌库中随机施放一个法力值消耗小于或等于（2）点的法术<i>（尽可能以本随从为目标）</i>。,MINION,,,,,,,,,,,,,,,,,,,,稀有,3.0,4.651116518401871,0.6450064168744591,圣骑士
Timur Shevtsov,1.0,DEATHKNIGHT,True,3,117666,“不是我不想养宠物。我不想养这种宠物。”,1.0,,TLC_443,"['DEATHRATTLE', 'REBORN']",不情愿的饲养员,,,COMMON,THE_LOST_CITY,<b>复生</b>。<b>亡语：</b>召唤一只2/2并具有<b>嘲讽</b>的亡灵野兽。,MINION,,['TAUNT'],,,,,,,,,,,,,,,,,,普通,2.0,6.177836264338427,0.32373794228652586,
Mike Sass,2.0,WARLOCK,True,2,117890,在山洞里说话会有回响……会有回响……回响……在本回合可以重复使用……,3.0,,TLC_450,['BATTLECRY'],洞穴专家,,,COMMON,THE_LOST_CITY,<b>战吼：</b>你的下一张<b>临时</b>牌的法力值消耗减少（2）点。,MINION,,,,,,,,,,,,,,,,,,,,普通,5.0,4.651116518401871,1.0750106947907652,术士
Mooncolony,6.0,MAGE,True,6,117956,看看这张泰坦考据图吧。,6.0,,TLC_452,,泰坦考据学家欧斯克,,,LEGENDARY,THE_LOST_CITY,"在你的手牌中时，
随机获得一项<b>泰坦</b>技能。该技能每回合都会改变。",MINION,,['TITAN'],,True,,,,,,True,,,,,,,,,,传说,12.0,10.757995502148095,1.1154494345720734,法师
Matt Dixon,3.0,NEUTRAL,True,6,118182,小龟伊普和他的朋友踩踩前来游览安戈洛的诸般盛景。第一站：邪能地窟！,6.0,,TLC_454,['BATTLECRY'],鳞皮科多兽,BEAST,['BEAST'],COMMON,THE_LOST_CITY,<b>战吼：</b>消灭攻击力最低的敌方随从。<b>延系：</b>改为消灭攻击力最高的敌方随从。,MINION,,,,,,,,,,,,,,,,,,,,普通,9.0,10.757995502148095,0.836587075929055,中立
Topdog Entertainment,1.0,MAGE,True,1,118192,“稍等，我得把这只超巨摩天龙装进包包里。”,1.0,,TLC_461,"['BATTLECRY', 'DISCOVER']",拾荒清道夫,,,COMMON,THE_LOST_CITY,<b>战吼：</b><b>发现</b>一张法力值消耗等同于你剩余法力水晶数量的卡牌。,MINION,,,,,,,,,,,,,,,,,,,,普通,2.0,3.1243967724653157,0.6401235648511739,法师
Juan Calle,7.0,WARLOCK,True,4,118210,做好准备！<i>（上回合使用恶魔或野兽牌就可以了。）</i>,7.0,,TLC_463,['BATTLECRY'],雷兹迪尔,DEMON,"['DEMON', 'BEAST']",LEGENDARY,THE_LOST_CITY,<b>战吼：</b>随机弃掉一张手牌。<b>延系：</b>改为对手的一张手牌。,MINION,,,,True,,,,,,True,,,,,,,,,,传说,14.0,7.704556010274983,1.8171066549881993,术士
Melvin Chan,3.0,NEUTRAL,True,3,118241,“哇，这个人伸着脑袋，刚好能装进我的嘴里。”,2.0,可以在<i>安戈洛龟途</i>奖励路线中获得该奖励。,TLC_465,,绞缠血藤,,,RARE,THE_LOST_CITY,<b>亡语：</b>使一个随机友方随从获得一项随机<b>额外效果</b>以及此<b>亡语</b>。,MINION,,['DEATHRATTLE'],,,,,,,,,,,,,,,,,,稀有,5.0,6.177836264338427,0.8093448557163146,中立
Kevin Sidharta,0.0,WARLOCK,True,5,118277,嘘……,8.0,,TLC_467,"['DEATHRATTLE', 'TAUNT']",低语之石,,,EPIC,THE_LOST_CITY,<b>嘲讽</b>。<b>亡语：</b>随机获取2张邪能法术牌。这些牌会消耗生命值，而非法力值。,MINION,,,,,,,,,,,,,,,,,,,,史诗,8.0,9.231275756211538,0.8666191121651807,术士
Dmitry Bolotov,4.0,NEUTRAL,True,5,118279,丛林有风险，焦油需谨慎。,4.0,打开<i>安戈洛龟途</i>金色包后可解锁。,TLC_468,"['DEATHRATTLE', 'POISONOUS', 'TAUNT']",黏团焦油,ELEMENTAL,['ELEMENTAL'],COMMON,THE_LOST_CITY,<b>剧毒</b>。<b>嘲讽</b>。<b>亡语：</b>召唤一个2/2并具有<b>剧毒</b>的黏团，以及一个2/2并具有<b>嘲讽</b>的黏团。,MINION,,,,,,,,,,,,,,,打开<i>安戈洛龟途</i>卡牌包后可解锁。,,,,,普通,8.0,9.231275756211538,0.8666191121651807,中立
Ian Ameling,4.0,WARLOCK,True,3,118282,唇下再留一撮小胡子就更棒了。,3.0,,TLC_469,['DEATHRATTLE'],坑道恐怪,BEAST,['BEAST'],COMMON,THE_LOST_CITY,<b>亡语：</b>随机获取两张<b>临时</b>的法力值消耗为（2）的随从牌。,MINION,,,,,,,,,,,,,,,,,,,,普通,7.0,6.177836264338427,1.1330827980028404,术士
Vlad Botos,2.0,WARLOCK,True,6,119789,哦，别怕，阿烂不会咬人的。,8.0,,TLC_479,"['DEATHRATTLE', 'TAUNT']",死烂巨口,,,RARE,THE_LOST_CITY,<b>嘲讽</b>。<b>亡语：</b>随机召唤一只邪能野兽。,MINION,,,,,,,,,,,,,,,,,,,,稀有,10.0,10.757995502148095,0.9295411954767278,术士
James Ryman,8.0,NEUTRAL,True,9,119809,究竟有多少命丧，才成就了山中之王？,7.0,,TLC_480,['TRIGGER_VISUAL'],克罗格，环形山之王,BEAST,['BEAST'],LEGENDARY,THE_LOST_CITY,在你的回合结束时，将所有敌方随从的攻击力和生命值变为1。,MINION,,,,True,,,,,,,,,,,,,,,,传说,15.0,15.338154739957762,0.9779533623378549,中立
Edgar Hidalgo,3.0,SHAMAN,True,5,120344,你不能只要火的炽烈，不要火的余烬。,4.0,,TLC_482,['BATTLECRY'],熔爪巨龙,ELEMENTAL,"['ELEMENTAL', 'DRAGON']",EPIC,THE_LOST_CITY,"<b>战吼：</b>召唤两个2/1的炽烈烬火。<b>延系：</b>触发你的炽烈烬火的
<b>亡语</b>。",MINION,,['DEATHRATTLE'],,,,,,,,,,,,,,,,,,史诗,7.0,9.231275756211538,0.7582917231445331,萨满
Timur Shevtsov,2.0,MAGE,True,3,120582,都跟他讲过三次了——推！,4.0,,TLC_483,['TRIGGER_VISUAL'],宝库闯入者,,,COMMON,THE_LOST_CITY,在你<b>发现</b>一张卡牌后，使其法力值消耗减少（1）点。,MINION,,['DISCOVER'],,,,,,,,,,,,,,,,,,普通,6.0,6.177836264338427,0.9712138268595775,法师
Zoltan Boros,1.0,ROGUE,True,1,117691,“只要你肯出钱，始祖龟自然会出力。”,2.0,,TLC_514,"['BATTLECRY', 'DISCOVER']",传奇商贩,,,COMMON,THE_LOST_CITY,<b>战吼：</b><b>发现</b>一张<b>传说</b>随从牌。将其余两张洗入你的牌库。,MINION,,,,,,,,,,,,,,,,,,,,普通,3.0,3.1243967724653157,0.9601853472767609,潜行者
Luca Zontini,5.0,ROGUE,True,4,117698,尼在干神磨。,4.0,,TLC_516,"['BATTLECRY', 'COMBO']",尼斐塞特武器匠,,,COMMON,THE_LOST_CITY,<b>战吼：</b>随机获取一张另一职业的武器牌。<b>连击：</b>使其获得+2攻击力。,MINION,,,,,,,,,,,,,,,,,,,,普通,9.0,7.704556010274983,1.1681399924924138,潜行者
Luca Zontini,5.0,ROGUE,True,6,117702,追踪进化融合怪的专家。,5.0,,TLC_520,['RUSH'],灌林追踪者,,,EPIC,THE_LOST_CITY,"<b>突袭</b>
你每将牌洗入你的牌库一次，本牌的法力值消耗便减少（1）点。",MINION,,,,,,,,,,,,,,,,,,,,史诗,10.0,10.757995502148095,0.9295411954767278,潜行者
Danny Beck,2.0,ROGUE,True,2,117703,“我看到了安布拉的亡灵大军。我……我就在上面好了。”,3.0,,TLC_521,['BATTLECRY'],高空眼线,,,RARE,THE_LOST_CITY,<b>战吼：</b>检视敌方牌库中的三张牌，选择一张置于其牌库顶。,MINION,,,,,,,,,,,,,,,,,,,,稀有,5.0,4.651116518401871,1.0750106947907652,潜行者
Timur Shevtsov,6.0,ROGUE,True,6,119532,据说奥普就长这个样子。我们会进一步确认他的形象——如果我们有机会见到他的话。,4.0,,TLC_522,"['BATTLECRY', 'DEATHRATTLE', 'STEALTH']",潜踪大师奥普,,,LEGENDARY,THE_LOST_CITY,<b><b>潜行</b>。</b><b>战吼，连击，亡语：</b>施放刀扇。,MINION,,['COMBO'],,True,,,,,,,,,,,,,,,,传说,10.0,10.757995502148095,0.9295411954767278,潜行者
Ivo Campelo da Silva,6.0,WARRIOR,True,8,117714,他太纠结了。起飞时总会纠成一个结。,6.0,,TLC_600,['BATTLECRY'],乘风浮龙,DRAGON,['DRAGON'],COMMON,THE_LOST_CITY,<b>战吼：</b>造成5点伤害，获得5点护甲值。<b>延系：</b>法力值消耗减少（3）点。,MINION,,,,,,造成5点伤害。,,,,,,,,,,,,,,普通,12.0,13.811434994021205,0.8688452724278576,战士
Adam Byrne,1.0,NEUTRAL,True,1,117719,“呱呱呱！”,2.0,可以在<i>安戈洛龟途</i>奖励路线中获得该奖励。,TLC_603,"['BATTLECRY', 'DEATHRATTLE']",栉龙,BEAST,['BEAST'],COMMON,THE_LOST_CITY,<b>战吼：</b>抽一张牌。<b>亡语：</b>弃掉该牌。,MINION,,,,,,,,,,,,,,,,,,,,普通,3.0,3.1243967724653157,0.9601853472767609,中立
AJ Nazzaro,1.0,NEUTRAL,True,8,117733,后面肯定有什么好东西，不然他们为什么要在这里放一道瀑布呢？,12.0,,TLC_605,"['LIFESTEAL', 'TAUNT']",焦油暴君,ELEMENTAL,['ELEMENTAL'],COMMON,THE_LOST_CITY,"<b>嘲讽</b>。<b>吸血</b>
在你对手的回合拥有+6攻击力。",MINION,,,,,,,,,,,,,,,,,,,,普通,13.0,13.811434994021205,0.941249045130179,中立
James Ryman,3.0,WARRIOR,True,3,117771,现在只需要给龟壳喷上一层蓝漆！,3.0,,TLC_606,['BATTLECRY'],拉特维亚护甲师,,,RARE,THE_LOST_CITY,<b>战吼：</b>对一个敌方随从造成2点伤害。如果该随从死亡，获得5点护甲值。,MINION,,,,,,对一个敌方随从造成2点伤害。,,,,,,,,,,,,,,稀有,6.0,6.177836264338427,0.9712138268595775,战士
Zoltan Boros,4.0,NEUTRAL,True,4,117916,我还是不明白为什么他拿着把剑。他主要的任务明明是观察。,7.0,,TLC_621,"['DEATHRATTLE', 'TAUNT']",固执的守护者,,,COMMON,THE_LOST_CITY,<b>嘲讽</b>。<b>亡语：</b>摧毁你牌库顶的三张牌。,MINION,,,,,,,,,,,,,,,,,,,,普通,11.0,7.704556010274983,1.427726657490728,中立
Stefano Spagnuolo,1.0,WARRIOR,True,2,117918,*锵* *锵* *锵* *嗷呜！*,4.0,,TLC_623,['TRIGGER_VISUAL'],石雕工匠,,,EPIC,THE_LOST_CITY,在你的回合结束时，使一个受伤的其他友方随从获得+2/+2。,MINION,,,,,,,,,,,,,,,,,,,,史诗,5.0,4.651116518401871,1.0750106947907652,战士
Mooncolony,5.0,WARRIOR,True,6,117919,当然啦，把安戈洛交给始祖龟，泰坦们完全放心。娜博亚留在这里只是一道<i>保险</i>。,7.0,,TLC_624,['BATTLECRY'],观察者娜博亚,,,LEGENDARY,THE_LOST_CITY,<b>战吼：</b>召唤你受伤的随从的复制，使复制获得<b>突袭</b>。,MINION,,['RUSH'],,True,,,,,,,,,,,,,,,,传说,12.0,10.757995502148095,1.1154494345720734,战士
Vlad Botos,2.0,DEMONHUNTER,True,5,117869,堪称癫蜂之作！,7.0,,TLC_630,"['RUSH', 'TRIGGER_VISUAL']",格里什异种虫,BEAST,['BEAST'],EPIC,THE_LOST_CITY,<b>突袭</b>。每当本随从受到伤害，获取一张法力值消耗为（1）的格里什毒刺虫。,MINION,,,,,,,,,,,,,,,,,,,,史诗,9.0,9.231275756211538,0.9749465011858283,恶魔猎手
Tanamaes Leejierasaes,5.0,DEMONHUNTER,True,4,117950,要是没有质保部门帮忙捉虫，始祖龟一族早就完蛋了。,3.0,,TLC_633,['BATTLECRY'],害虫克星,,,RARE,THE_LOST_CITY,<b>战吼：</b>对一个具有随从类型的敌方随从造成6点伤害。,MINION,,,,,,对一个具有随从类型的敌人造成6点伤害。,,,,,,,,,,,,,,稀有,8.0,7.704556010274983,1.0383466599932567,恶魔猎手
Grafit,8.0,DEATHKNIGHT,True,8,117231,“高！”——阶教徒赫雷恩,6.0,,TLC_810,['BATTLECRY'],高阶教徒赫雷恩,,,LEGENDARY,THE_LOST_CITY,<b>战吼：</b>从你的牌库中召唤两个<b>亡语</b>随从，并使其互相攻击！,MINION,,['DEATHRATTLE'],,True,,,,,,True,,,,,,,,,,传说,14.0,13.811434994021205,1.0136528178325006,
Brian Despain,1.0,PRIEST,True,3,117232,能对你的生命产生重大影响。,6.0,,TLC_811,['TRIGGER_VISUAL'],阿凯欧斯,BEAST,['BEAST'],LEGENDARY,THE_LOST_CITY,每当另一个友方随从攻击时，将其生命值变为与本随从相同。,MINION,,,,True,,,,,,,,,,,,,,,,传说,7.0,6.177836264338427,1.1330827980028404,牧师
Sergey Tsvelykh,3.0,PRIEST,True,3,117312,墓晨林地里到处都是难以决断的牧师。,4.0,,TLC_814,['DEATHRATTLE'],暮光治愈者,,,COMMON,THE_LOST_CITY,<b>亡语：</b>随机获取神圣和暗影法术牌各一张。,MINION,,,,,,,,,,,,,,,,,,,,普通,7.0,6.177836264338427,1.1330827980028404,牧师
Tee Fuyuan,4.0,PRIEST,True,6,117563,一旦她转入小调，虚空和神圣之间就不存在什么平衡了。,7.0,,TLC_819,,林歌海妖,NAGA,['NAGA'],EPIC,THE_LOST_CITY,<b>吸血</b>。如果你在本回合中使用过神圣和暗影法术牌，本牌的法力值消耗为（1）点。,MINION,,['LIFESTEAL'],,,,,,,,,,,,,,,,,,史诗,11.0,10.757995502148095,1.0224953150244005,牧师
Ursula Dorada,2.0,PRIEST,True,1,117565,这家伙辅修了邪能地窟生物学，颇具文艺复兴气质。,1.0,,TLC_820,['DEATHRATTLE'],林地生态学者,,,RARE,THE_LOST_CITY,<b>亡语：</b>获取一张法力值消耗为（1）的神圣法术牌，该牌可以使一个随从获得+2或-2生命值。,MINION,,,,,,,,,,,,,,,,,,,,稀有,3.0,3.1243967724653157,0.9601853472767609,牧师
Patrik Bjorkstrom,6.0,PRIEST,True,7,117566,暗影会制裁你！,7.0,,TLC_821,"['LIFESTEAL', 'TRIGGER_VISUAL']",枯萎之影,ELEMENTAL,['ELEMENTAL'],RARE,THE_LOST_CITY,<b>吸血</b>。每当你治疗一个敌人，本随从攻击该敌人。,MINION,,,,,,,,,,,,,,,,,,,,稀有,13.0,12.284715248084652,1.0582255866310675,牧师
Matt Dixon,2.0,HUNTER,True,2,117574,“不吃完这些绿叶子不许出去玩。”,3.0,,TLC_822,['TRIGGER_VISUAL'],恐龙保育师,,,COMMON,THE_LOST_CITY,在你的回合结束时，随机使你手牌中一张野兽牌的法力值消耗减少（1）点。,MINION,,,,,,,,,,,,,,,,,,,,普通,5.0,4.651116518401871,1.0750106947907652,猎人
Brian Despain,5.0,HUNTER,True,4,117598,雌性暴掠龙的体型比雄性大30%，攻击性更是高了100%。,4.0,,TLC_825,,暴掠龙女王,BEAST,['BEAST'],EPIC,THE_LOST_CITY,<b>延系：</b>对一个敌方随从造成等同于本随从攻击力的伤害。,MINION,,,,,,造成等同于本随从攻击力的伤害。,,,,,,,,,,,,,,史诗,9.0,7.704556010274983,1.1681399924924138,猎人
Tanamaes Leejierasaes,0.0,HUNTER,True,3,117600,他还在长身体呢:),5.0,,TLC_827,['TRIGGER_VISUAL'],食草剑龙,BEAST,['BEAST'],RARE,THE_LOST_CITY,在你的回合结束时，获得+1攻击力<i>（即便在手牌或牌库中）</i>。,MINION,,,,,,,,,,,,,,,,,,,,稀有,5.0,6.177836264338427,0.8093448557163146,猎人
L. Lullabi & I. Campelo da Silva,3.0,NEUTRAL,True,7,117610,贪图食物时，你就不是你了。,3.0,购买<i>安戈洛龟途</i>炉石通行证后开放解锁。,TLC_829,['BATTLECRY'],饥饿的魔暴龙,BEAST,['BEAST'],EPIC,THE_LOST_CITY,<b>战吼：</b>消灭一个随从。<b>延系：</b>获得被消灭随从的属性值。,MINION,,,,,,消灭一个随从。,,,,,,,,,,,,,,史诗,6.0,12.284715248084652,0.4884118092143388,中立
Vika Yarova,0.0,NEUTRAL,True,3,117674,你打蛋，蛋就打你。,3.0,可以在<i>安戈洛龟途</i>奖励路线中获得该奖励。,TLC_831,['DEATHRATTLE'],翼手龙蛋,,,COMMON,THE_LOST_CITY,"<b>亡语：</b>召唤一只3/3并会从所有其他随从处
偷取1点生命值的翼手龙。",MINION,,,,,,,,,,,,,,,,,,,,普通,3.0,6.177836264338427,0.48560691342978873,中立
Anzka Nguyen,2.0,HUNTER,True,3,121029,尼利，尼利，环形山的尼利！强壮又有力！哦吼哦吼哦吼！！那棵树要注意！,5.0,,TLC_836,['TRIGGER_VISUAL'],环形山的尼利,,,LEGENDARY,THE_LOST_CITY,每当你使用一张法力值消耗为（1）的随从牌，使其属性值翻倍。每当你施放一个法力值消耗为（1）的法术，施放两次。,MINION,,,,True,,,,,,True,,,,,,,,,,传说,7.0,6.177836264338427,1.1330827980028404,猎人
Juan Calle,2.0,DEMONHUNTER,True,3,119754,“这张牌好无聊啊。”“不，我掘得很好。”,4.0,,TLC_840,"['STEALTH', 'TRIGGER_VISUAL']",格里什掘洞虫,BEAST,['BEAST'],COMMON,THE_LOST_CITY,<b>潜行</b>。在本随从攻击后，对敌方英雄造成2点伤害。,MINION,,,,,,,,,,,,,,,,,,,,普通,6.0,6.177836264338427,0.9712138268595775,恶魔猎手
Sergey Tsvelykh,7.0,DEMONHUNTER,True,8,119755,拧盖子。盖子。盖子。盖子。盖子。盖子！,7.0,,TLC_841,['BATTLECRY'],昆虫学家托鲁,,,LEGENDARY,THE_LOST_CITY,<b>战吼：</b>将你手牌中的每张随从牌分别放入法力值消耗为（1）的0/1的标本罐。打破罐子即可放出随从！,MINION,,,,True,,,,,,,,,,,,,,,,传说,14.0,13.811434994021205,1.0136528178325006,恶魔猎手
James Ryman,3.0,NEUTRAL,True,3,122318,翔龙今日多云，局部地区有任务奖励。,3.0,可以在<i>安戈洛龟途</i>奖励路线中获得该奖励。,TLC_888,['BATTLECRY'],云端翔龙,ELEMENTAL,"['ELEMENTAL', 'DRAGON']",RARE,THE_LOST_CITY,<b>战吼：</b>获取你手牌中另一张元素牌或龙牌的一张复制。,MINION,,,,,,,,,,,,,,,,,,,,稀有,6.0,6.177836264338427,0.9712138268595775,中立
Brian Despain,5.0,DEMONHUNTER,True,5,117687,蛰，女王陛下。,2.0,,TLC_903,['RUSH'],异种虫女王,BEAST,['BEAST'],COMMON,THE_LOST_CITY,<b>突袭</b>。<b>延系：</b>在本回合中，使你的英雄获得+5攻击力。,MINION,,,,,,,,,,,,,,,,,,,,普通,7.0,9.231275756211538,0.7582917231445331,恶魔猎手
Stefano Spagnuolo,3.0,NEUTRAL,True,2,118177,别管什么任务了。我们最新的任务就是先保证他的安全。,2.0,,TLC_987,['BATTLECRY'],任务助理,,,COMMON,THE_LOST_CITY,<b>战吼：</b>如果你在本局对战中使用过<b>任务</b>牌，对一个敌方随从造成3点伤害。,MINION,,['QUEST'],,,,对一个敌方随从造成3点伤害。,,,,,,,,,,,,,,普通,5.0,4.651116518401871,1.0750106947907652,中立
